,Adj Close,Close,High,Low,Open,Volume
2022-02-07 09:30:00-05:00,,,,,,
2022-02-07 09:32:00-05:00,,,,,,
2022-02-07 09:40:00-05:00,,,,,,
2022-02-07 09:42:00-05:00,,,,,,
2022-02-07 09:43:00-05:00,,,,,,
2022-02-07 09:54:00-05:00,,,,,,
2022-02-07 09:59:00-05:00,,,,,,
2022-02-07 10:13:00-05:00,,,,,,
2022-02-07 10:20:00-05:00,,,,,,
2022-02-07 10:36:00-05:00,,,,,,
2022-02-07 10:47:00-05:00,,,,,,
2022-02-07 11:01:00-05:00,,,,,,
2022-02-07 11:02:00-05:00,,,,,,
2022-02-07 11:05:00-05:00,,,,,,
2022-02-07 11:16:00-05:00,,,,,,
2022-02-07 11:23:00-05:00,,,,,,
2022-02-07 11:40:00-05:00,,,,,,
2022-02-07 11:41:00-05:00,,,,,,
2022-02-07 11:43:00-05:00,,,,,,
2022-02-07 11:52:00-05:00,,,,,,
2022-02-07 12:10:00-05:00,,,,,,
2022-02-07 12:19:00-05:00,,,,,,
2022-02-07 12:25:00-05:00,,,,,,
2022-02-07 12:35:00-05:00,,,,,,
2022-02-07 12:36:00-05:00,,,,,,
2022-02-07 12:39:00-05:00,,,,,,
2022-02-07 12:46:00-05:00,,,,,,
2022-02-07 12:48:00-05:00,,,,,,
2022-02-07 12:59:00-05:00,,,,,,
2022-02-07 13:02:00-05:00,,,,,,
2022-02-07 13:12:00-05:00,,,,,,
2022-02-07 13:19:00-05:00,,,,,,
2022-02-07 13:20:00-05:00,,,,,,
2022-02-07 13:22:00-05:00,,,,,,
2022-02-07 13:28:00-05:00,,,,,,
2022-02-07 13:29:00-05:00,,,,,,
2022-02-07 13:31:00-05:00,,,,,,
2022-02-07 13:35:00-05:00,,,,,,
2022-02-07 13:43:00-05:00,,,,,,
2022-02-07 13:48:00-05:00,,,,,,
2022-02-07 13:50:00-05:00,,,,,,
2022-02-07 13:51:00-05:00,,,,,,
2022-02-07 13:52:00-05:00,,,,,,
2022-02-07 13:54:00-05:00,,,,,,
2022-02-07 13:59:00-05:00,,,,,,
2022-02-07 14:00:00-05:00,,,,,,
2022-02-07 14:01:00-05:00,,,,,,
2022-02-07 14:06:00-05:00,,,,,,
2022-02-07 14:09:00-05:00,,,,,,
2022-02-07 14:10:00-05:00,,,,,,
2022-02-07 14:21:00-05:00,,,,,,
2022-02-07 14:25:00-05:00,,,,,,
2022-02-07 14:28:00-05:00,,,,,,
2022-02-07 14:29:00-05:00,,,,,,
2022-02-07 14:30:00-05:00,,,,,,
2022-02-07 14:34:00-05:00,,,,,,
2022-02-07 14:35:00-05:00,,,,,,
2022-02-07 14:41:00-05:00,,,,,,
2022-02-07 14:42:00-05:00,,,,,,
2022-02-07 14:49:00-05:00,,,,,,
2022-02-07 14:52:00-05:00,,,,,,
2022-02-07 14:56:00-05:00,,,,,,
2022-02-07 14:58:00-05:00,,,,,,
2022-02-07 15:00:00-05:00,,,,,,
2022-02-07 15:02:00-05:00,,,,,,
2022-02-07 15:05:00-05:00,,,,,,
2022-02-07 15:06:00-05:00,,,,,,
2022-02-07 15:07:00-05:00,,,,,,
2022-02-07 15:09:00-05:00,,,,,,
2022-02-07 15:10:00-05:00,,,,,,
2022-02-07 15:11:00-05:00,,,,,,
2022-02-07 15:12:00-05:00,,,,,,
2022-02-07 15:14:00-05:00,,,,,,
2022-02-07 15:15:00-05:00,,,,,,
2022-02-07 15:16:00-05:00,,,,,,
2022-02-07 15:17:00-05:00,,,,,,
2022-02-07 15:19:00-05:00,,,,,,
2022-02-07 15:20:00-05:00,,,,,,
2022-02-07 15:23:00-05:00,,,,,,
2022-02-07 15:24:00-05:00,,,,,,
2022-02-07 15:26:00-05:00,,,,,,
2022-02-07 15:27:00-05:00,,,,,,
2022-02-07 15:29:00-05:00,,,,,,
2022-02-07 15:30:00-05:00,,,,,,
2022-02-07 15:31:00-05:00,,,,,,
2022-02-07 15:32:00-05:00,,,,,,
2022-02-07 15:34:00-05:00,,,,,,
2022-02-07 15:35:00-05:00,,,,,,
2022-02-07 15:36:00-05:00,,,,,,
2022-02-07 15:37:00-05:00,,,,,,
2022-02-07 15:38:00-05:00,,,,,,
2022-02-07 15:39:00-05:00,,,,,,
2022-02-07 15:40:00-05:00,,,,,,
2022-02-07 15:41:00-05:00,,,,,,
2022-02-07 15:42:00-05:00,,,,,,
2022-02-07 15:43:00-05:00,,,,,,
2022-02-07 15:44:00-05:00,,,,,,
2022-02-07 15:45:00-05:00,,,,,,
2022-02-07 15:46:00-05:00,,,,,,
2022-02-07 15:47:00-05:00,,,,,,
2022-02-07 15:48:00-05:00,,,,,,
2022-02-07 15:49:00-05:00,,,,,,
2022-02-07 15:50:00-05:00,,,,,,
2022-02-07 15:51:00-05:00,,,,,,
2022-02-07 15:52:00-05:00,,,,,,
2022-02-07 15:53:00-05:00,,,,,,
2022-02-07 15:54:00-05:00,,,,,,
2022-02-07 15:55:00-05:00,,,,,,
2022-02-07 15:56:00-05:00,,,,,,
2022-02-07 15:57:00-05:00,,,,,,
2022-02-07 15:58:00-05:00,,,,,,
2022-02-07 15:59:00-05:00,,,,,,
2022-02-08 09:30:00-05:00,36.400001525878906,36.400001525878906,37.349998474121094,36.244998931884766,37.16999816894531,7134.0
2022-02-08 09:31:00-05:00,36.46500015258789,36.46500015258789,36.560001373291016,36.459999084472656,36.459999084472656,600.0
2022-02-08 09:32:00-05:00,36.56999969482422,36.56999969482422,36.56999969482422,36.52000045776367,36.55329895019531,1827.0
2022-02-08 09:33:00-05:00,,,,,,
2022-02-08 09:34:00-05:00,36.63999938964844,36.63999938964844,36.63999938964844,36.63999938964844,36.63999938964844,303.0
2022-02-08 09:35:00-05:00,36.58000183105469,36.58000183105469,36.657501220703125,36.58000183105469,36.657501220703125,1956.0
2022-02-08 09:36:00-05:00,36.71179962158203,36.71179962158203,36.71799850463867,36.529998779296875,36.625,1160.0
2022-02-08 09:37:00-05:00,36.650001525878906,36.650001525878906,36.650001525878906,36.650001525878906,36.650001525878906,153.0
2022-02-08 09:38:00-05:00,,,,,,
2022-02-08 09:39:00-05:00,36.75,36.75,36.75,36.75,36.75,1029.0
2022-02-08 09:40:00-05:00,,,,,,
2022-02-08 09:41:00-05:00,36.900001525878906,36.900001525878906,36.904998779296875,36.900001525878906,36.904998779296875,203.0
2022-02-08 09:42:00-05:00,36.95000076293945,36.95000076293945,36.970001220703125,36.93000030517578,36.970001220703125,555.0
2022-02-08 09:43:00-05:00,36.97999954223633,36.97999954223633,36.97999954223633,36.97999954223633,36.97999954223633,200.0
2022-02-08 09:44:00-05:00,36.959999084472656,36.959999084472656,36.97999954223633,36.959999084472656,36.97999954223633,533.0
2022-02-08 09:45:00-05:00,36.994998931884766,36.994998931884766,36.994998931884766,36.959999084472656,36.97999954223633,592.0
2022-02-08 09:46:00-05:00,36.970001220703125,36.970001220703125,36.970001220703125,36.95000076293945,36.959999084472656,1834.0
2022-02-08 09:47:00-05:00,36.939998626708984,36.939998626708984,36.97999954223633,36.939998626708984,36.97999954223633,203.0
2022-02-08 09:48:00-05:00,36.9900016784668,36.9900016784668,36.9900016784668,36.970001220703125,36.9900016784668,1152.0
2022-02-08 09:49:00-05:00,36.97999954223633,36.97999954223633,36.97999954223633,36.97999954223633,36.97999954223633,203.0
2022-02-08 09:50:00-05:00,36.970001220703125,36.970001220703125,36.970001220703125,36.939998626708984,36.939998626708984,938.0
2022-02-08 09:51:00-05:00,36.939998626708984,36.939998626708984,37.060001373291016,36.939998626708984,37.02000045776367,1169.0
2022-02-08 09:52:00-05:00,37.09000015258789,37.09000015258789,37.09000015258789,37.029998779296875,37.029998779296875,825.0
2022-02-08 09:53:00-05:00,37.099998474121094,37.099998474121094,37.099998474121094,37.099998474121094,37.099998474121094,207.0
2022-02-08 09:54:00-05:00,37.119998931884766,37.119998931884766,37.1349983215332,37.119998931884766,37.1349983215332,183.0
2022-02-08 09:55:00-05:00,37.04999923706055,37.04999923706055,37.16999816894531,37.04999923706055,37.16999816894531,3351.0
2022-02-08 09:56:00-05:00,37.060001373291016,37.060001373291016,37.099998474121094,37.060001373291016,37.099998474121094,204.0
2022-02-08 09:57:00-05:00,37.040000915527344,37.040000915527344,37.099998474121094,37.040000915527344,37.099998474121094,755.0
2022-02-08 09:58:00-05:00,37.040000915527344,37.040000915527344,37.040000915527344,37.040000915527344,37.040000915527344,30021.0
2022-02-08 09:59:00-05:00,37.029998779296875,37.029998779296875,37.040000915527344,37.0099983215332,37.040000915527344,6115.0
2022-02-08 10:00:00-05:00,36.9900016784668,36.9900016784668,37.01499938964844,36.9900016784668,37.01499938964844,2813.0
2022-02-08 10:01:00-05:00,37.025001525878906,37.025001525878906,37.040000915527344,36.9900016784668,36.994998931884766,3542.0
2022-02-08 10:02:00-05:00,37.040000915527344,37.040000915527344,37.040000915527344,37.0,37.0099983215332,601.0
2022-02-08 10:03:00-05:00,37.060001373291016,37.060001373291016,37.060001373291016,37.060001373291016,37.060001373291016,200.0
2022-02-08 10:04:00-05:00,37.0,37.0,37.04999923706055,37.0,37.04999923706055,854.0
2022-02-08 10:05:00-05:00,37.0099983215332,37.0099983215332,37.0099983215332,36.9900016784668,36.9900016784668,218.0
2022-02-08 10:06:00-05:00,37.02000045776367,37.02000045776367,37.02000045776367,37.02000045776367,37.02000045776367,434.0
2022-02-08 10:07:00-05:00,37.04499816894531,37.04499816894531,37.09000015258789,37.02000045776367,37.040000915527344,1884.0
2022-02-08 10:08:00-05:00,37.029998779296875,37.029998779296875,37.029998779296875,37.02000045776367,37.02000045776367,200.0
2022-02-08 10:09:00-05:00,37.04499816894531,37.04499816894531,37.060001373291016,37.029998779296875,37.029998779296875,662.0
2022-02-08 10:10:00-05:00,37.0,37.0,37.02000045776367,37.0,37.02000045776367,205.0
2022-02-08 10:11:00-05:00,37.040000915527344,37.040000915527344,37.060001373291016,37.02000045776367,37.02000045776367,633.0
2022-02-08 10:12:00-05:00,37.09000015258789,37.09000015258789,37.09000015258789,37.060001373291016,37.060001373291016,200.0
2022-02-08 10:13:00-05:00,37.10499954223633,37.10499954223633,37.1150016784668,37.10499954223633,37.1150016784668,409.0
2022-02-08 10:14:00-05:00,37.04999923706055,37.04999923706055,37.04999923706055,37.04999923706055,37.04999923706055,131.0
2022-02-08 10:15:00-05:00,37.07500076293945,37.07500076293945,37.10499954223633,37.06999969482422,37.08000183105469,600.0
2022-02-08 10:16:00-05:00,,,,,,
2022-02-08 10:17:00-05:00,37.11000061035156,37.11000061035156,37.11000061035156,37.099998474121094,37.099998474121094,489.0
2022-02-08 10:18:00-05:00,37.130001068115234,37.130001068115234,37.130001068115234,37.130001068115234,37.130001068115234,300.0
2022-02-08 10:19:00-05:00,37.040000915527344,37.040000915527344,37.099998474121094,37.040000915527344,37.099998474121094,1463.0
2022-02-08 10:20:00-05:00,,,,,,
2022-02-08 10:21:00-05:00,37.06999969482422,37.06999969482422,37.06999969482422,37.06999969482422,37.06999969482422,188.0
2022-02-08 10:22:00-05:00,,,,,,
2022-02-08 10:23:00-05:00,37.119998931884766,37.119998931884766,37.119998931884766,37.119998931884766,37.119998931884766,308.0
2022-02-08 10:24:00-05:00,37.060001373291016,37.060001373291016,37.08000183105469,37.029998779296875,37.08000183105469,634.0
2022-02-08 10:25:00-05:00,37.119998931884766,37.119998931884766,37.119998931884766,37.05500030517578,37.05500030517578,5673.0
2022-02-08 10:26:00-05:00,37.15999984741211,37.15999984741211,37.15999984741211,37.1349983215332,37.1349983215332,407.0
2022-02-08 10:27:00-05:00,37.130001068115234,37.130001068115234,37.130001068115234,37.11000061035156,37.11000061035156,204.0
2022-02-08 10:28:00-05:00,,,,,,
2022-02-08 10:29:00-05:00,37.13999938964844,37.13999938964844,37.13999938964844,37.13999938964844,37.13999938964844,116.0
2022-02-08 10:30:00-05:00,37.154998779296875,37.154998779296875,37.154998779296875,37.130001068115234,37.130001068115234,619.0
2022-02-08 10:31:00-05:00,37.150001525878906,37.150001525878906,37.150001525878906,37.150001525878906,37.150001525878906,244.0
2022-02-08 10:32:00-05:00,37.189998626708984,37.189998626708984,37.189998626708984,37.15999984741211,37.15999984741211,371.0
2022-02-08 10:33:00-05:00,37.16999816894531,37.16999816894531,37.189998626708984,37.15999984741211,37.189998626708984,631.0
2022-02-08 10:34:00-05:00,37.16999816894531,37.16999816894531,37.16999816894531,37.16999816894531,37.16999816894531,100.0
2022-02-08 10:35:00-05:00,37.189998626708984,37.189998626708984,37.189998626708984,37.15999984741211,37.15999984741211,4814.0
2022-02-08 10:36:00-05:00,37.189998626708984,37.189998626708984,37.209999084472656,37.18000030517578,37.18000030517578,1140.0
2022-02-08 10:37:00-05:00,37.27000045776367,37.27000045776367,37.27000045776367,37.16999816894531,37.189998626708984,3238.0
2022-02-08 10:38:00-05:00,37.310001373291016,37.310001373291016,37.310001373291016,37.310001373291016,37.310001373291016,397.0
2022-02-08 10:39:00-05:00,37.2400016784668,37.2400016784668,37.2400016784668,37.2400016784668,37.2400016784668,114.0
2022-02-08 10:40:00-05:00,37.209999084472656,37.209999084472656,37.220001220703125,37.150001525878906,37.220001220703125,737.0
2022-02-08 10:41:00-05:00,37.290000915527344,37.290000915527344,37.290000915527344,37.18000030517578,37.18000030517578,6897.0
2022-02-08 10:42:00-05:00,,,,,,
2022-02-08 10:43:00-05:00,37.21500015258789,37.21500015258789,37.22999954223633,37.209999084472656,37.209999084472656,682.0
2022-02-08 10:44:00-05:00,37.27000045776367,37.27000045776367,37.290000915527344,37.23500061035156,37.25,1236.0
2022-02-08 10:45:00-05:00,37.34000015258789,37.34000015258789,37.34000015258789,37.28499984741211,37.28499984741211,1772.0
2022-02-08 10:46:00-05:00,37.32500076293945,37.32500076293945,37.32500076293945,37.30970001220703,37.30970001220703,1438.0
2022-02-08 10:47:00-05:00,37.28499984741211,37.28499984741211,37.310001373291016,37.28499984741211,37.310001373291016,532.0
2022-02-08 10:48:00-05:00,37.28499984741211,37.28499984741211,37.28499984741211,37.28499984741211,37.28499984741211,100.0
2022-02-08 10:49:00-05:00,37.27000045776367,37.27000045776367,37.275001525878906,37.25,37.27000045776367,682.0
2022-02-08 10:50:00-05:00,37.2400016784668,37.2400016784668,37.2400016784668,37.23500061035156,37.2400016784668,436.0
2022-02-08 10:51:00-05:00,37.25,37.25,37.2599983215332,37.20000076293945,37.2599983215332,581.0
2022-02-08 10:52:00-05:00,,,,,,
2022-02-08 10:53:00-05:00,,,,,,
2022-02-08 10:54:00-05:00,37.20000076293945,37.20000076293945,37.20000076293945,37.16999816894531,37.20000076293945,1316.0
2022-02-08 10:55:00-05:00,37.209999084472656,37.209999084472656,37.209999084472656,37.16999816894531,37.16999816894531,1069.0
2022-02-08 10:56:00-05:00,37.21500015258789,37.21500015258789,37.22999954223633,37.20500183105469,37.20500183105469,1489.0
2022-02-08 10:57:00-05:00,37.23500061035156,37.23500061035156,37.25,37.23500061035156,37.25,400.0
2022-02-08 10:58:00-05:00,37.209999084472656,37.209999084472656,37.224998474121094,37.20000076293945,37.224998474121094,897.0
2022-02-08 10:59:00-05:00,37.165000915527344,37.165000915527344,37.20500183105469,37.165000915527344,37.20500183105469,764.0
2022-02-08 11:00:00-05:00,37.189998626708984,37.189998626708984,37.189998626708984,37.18000030517578,37.18000030517578,728.0
2022-02-08 11:01:00-05:00,,,,,,
2022-02-08 11:02:00-05:00,37.20000076293945,37.20000076293945,37.20000076293945,37.20000076293945,37.20000076293945,242.0
2022-02-08 11:03:00-05:00,37.2400016784668,37.2400016784668,37.2400016784668,37.2400016784668,37.2400016784668,106.0
2022-02-08 11:04:00-05:00,37.20000076293945,37.20000076293945,37.25,37.16999816894531,37.2400016784668,5465.0
2022-02-08 11:05:00-05:00,37.20000076293945,37.20000076293945,37.220001220703125,37.20000076293945,37.220001220703125,1559.0
2022-02-08 11:06:00-05:00,37.20000076293945,37.20000076293945,37.22999954223633,37.20000076293945,37.22999954223633,439.0
2022-02-08 11:07:00-05:00,37.20000076293945,37.20000076293945,37.220001220703125,37.20000076293945,37.220001220703125,604.0
2022-02-08 11:08:00-05:00,37.220001220703125,37.220001220703125,37.220001220703125,37.220001220703125,37.220001220703125,100.0
2022-02-08 11:09:00-05:00,37.16999816894531,37.16999816894531,37.2400016784668,37.06999969482422,37.2400016784668,11027.0
2022-02-08 11:10:00-05:00,37.119998931884766,37.119998931884766,37.15999984741211,37.119998931884766,37.150001525878906,797.0
2022-02-08 11:11:00-05:00,37.08000183105469,37.08000183105469,37.119998931884766,37.060001373291016,37.119998931884766,1434.0
2022-02-08 11:12:00-05:00,,,,,,
2022-02-08 11:13:00-05:00,37.04999923706055,37.04999923706055,37.06999969482422,37.04999923706055,37.06999969482422,879.0
2022-02-08 11:14:00-05:00,37.060001373291016,37.060001373291016,37.060001373291016,37.060001373291016,37.060001373291016,600.0
2022-02-08 11:15:00-05:00,37.0099983215332,37.0099983215332,37.04999923706055,37.0099983215332,37.04999923706055,302.0
2022-02-08 11:16:00-05:00,37.040000915527344,37.040000915527344,37.040000915527344,37.02000045776367,37.02000045776367,459.0
2022-02-08 11:17:00-05:00,37.029998779296875,37.029998779296875,37.040000915527344,37.029998779296875,37.040000915527344,603.0
2022-02-08 11:18:00-05:00,37.04999923706055,37.04999923706055,37.060001373291016,37.02000045776367,37.02000045776367,1673.0
2022-02-08 11:19:00-05:00,37.08000183105469,37.08000183105469,37.08000183105469,37.08000183105469,37.08000183105469,471.0
2022-02-08 11:20:00-05:00,37.040000915527344,37.040000915527344,37.040000915527344,37.040000915527344,37.040000915527344,151.0
2022-02-08 11:21:00-05:00,37.060001373291016,37.060001373291016,37.060001373291016,37.04999923706055,37.04999923706055,693.0
2022-02-08 11:22:00-05:00,,,,,,
2022-02-08 11:23:00-05:00,37.099998474121094,37.099998474121094,37.099998474121094,37.064998626708984,37.064998626708984,248.0
2022-02-08 11:24:00-05:00,,,,,,
2022-02-08 11:25:00-05:00,37.0099983215332,37.0099983215332,37.04499816894531,37.0099983215332,37.04499816894531,3820.0
2022-02-08 11:26:00-05:00,37.0099983215332,37.0099983215332,37.029998779296875,37.0099983215332,37.029998779296875,349.0
2022-02-08 11:27:00-05:00,37.040000915527344,37.040000915527344,37.040000915527344,37.040000915527344,37.040000915527344,269.0
2022-02-08 11:28:00-05:00,37.029998779296875,37.029998779296875,37.04999923706055,37.02000045776367,37.04999923706055,4204.0
2022-02-08 11:29:00-05:00,36.97999954223633,36.97999954223633,36.97999954223633,36.97999954223633,36.97999954223633,373.0
2022-02-08 11:30:00-05:00,37.040000915527344,37.040000915527344,37.040000915527344,36.994998931884766,36.994998931884766,799.0
2022-02-08 11:31:00-05:00,37.025001525878906,37.025001525878906,37.025001525878906,37.025001525878906,37.025001525878906,116.0
2022-02-08 11:32:00-05:00,,,,,,
2022-02-08 11:33:00-05:00,37.01499938964844,37.01499938964844,37.01499938964844,37.0099983215332,37.0099983215332,457.0
2022-02-08 11:34:00-05:00,,,,,,
2022-02-08 11:35:00-05:00,37.02000045776367,37.02000045776367,37.02000045776367,37.0099983215332,37.0099983215332,258.0
2022-02-08 11:36:00-05:00,37.02000045776367,37.02000045776367,37.0275993347168,37.0099983215332,37.0099983215332,343.0
2022-02-08 11:37:00-05:00,37.0099983215332,37.0099983215332,37.0099983215332,37.0099983215332,37.0099983215332,275.0
2022-02-08 11:38:00-05:00,37.04999923706055,37.04999923706055,37.04999923706055,37.0099983215332,37.0099983215332,1668.0
2022-02-08 11:39:00-05:00,37.09000015258789,37.09000015258789,37.09000015258789,37.040000915527344,37.040000915527344,1516.0
2022-02-08 11:40:00-05:00,,,,,,
2022-02-08 11:41:00-05:00,37.040000915527344,37.040000915527344,37.09000015258789,37.040000915527344,37.09000015258789,229.0
2022-02-08 11:42:00-05:00,37.09000015258789,37.09000015258789,37.09000015258789,37.06999969482422,37.06999969482422,517.0
2022-02-08 11:43:00-05:00,37.099998474121094,37.099998474121094,37.099998474121094,37.099998474121094,37.099998474121094,200.0
2022-02-08 11:44:00-05:00,37.099998474121094,37.099998474121094,37.099998474121094,37.099998474121094,37.099998474121094,206.0
2022-02-08 11:45:00-05:00,37.11000061035156,37.11000061035156,37.11000061035156,37.099998474121094,37.099998474121094,2316.0
2022-02-08 11:46:00-05:00,,,,,,
2022-02-08 11:47:00-05:00,,,,,,
2022-02-08 11:48:00-05:00,37.14500045776367,37.14500045776367,37.154998779296875,37.13999938964844,37.150001525878906,785.0
2022-02-08 11:49:00-05:00,,,,,,
2022-02-08 11:50:00-05:00,37.17499923706055,37.17499923706055,37.17499923706055,37.17499923706055,37.17499923706055,112.0
2022-02-08 11:51:00-05:00,,,,,,
2022-02-08 11:52:00-05:00,37.150001525878906,37.150001525878906,37.19499969482422,37.150001525878906,37.19499969482422,1319.0
2022-02-08 11:53:00-05:00,37.15999984741211,37.15999984741211,37.15999984741211,37.15999984741211,37.15999984741211,225.0
2022-02-08 11:54:00-05:00,,,,,,
2022-02-08 11:55:00-05:00,,,,,,
2022-02-08 11:56:00-05:00,37.189998626708984,37.189998626708984,37.19499969482422,37.15999984741211,37.18000030517578,1107.0
2022-02-08 11:57:00-05:00,,,,,,
2022-02-08 11:58:00-05:00,37.20000076293945,37.20000076293945,37.20000076293945,37.189998626708984,37.19499969482422,326.0
2022-02-08 11:59:00-05:00,37.189998626708984,37.189998626708984,37.20500183105469,37.189998626708984,37.20500183105469,1380.0
2022-02-08 12:00:00-05:00,,,,,,
2022-02-08 12:01:00-05:00,37.19499969482422,37.19499969482422,37.20000076293945,37.19499969482422,37.20000076293945,327.0
2022-02-08 12:02:00-05:00,37.20500183105469,37.20500183105469,37.220001220703125,37.20500183105469,37.220001220703125,875.0
2022-02-08 12:03:00-05:00,,,,,,
2022-02-08 12:04:00-05:00,,,,,,
2022-02-08 12:05:00-05:00,37.19900131225586,37.19900131225586,37.22999954223633,37.19900131225586,37.22999954223633,387.0
2022-02-08 12:06:00-05:00,,,,,,
2022-02-08 12:07:00-05:00,37.209999084472656,37.209999084472656,37.209999084472656,37.209999084472656,37.209999084472656,400.0
2022-02-08 12:08:00-05:00,37.189998626708984,37.189998626708984,37.209999084472656,37.189998626708984,37.209999084472656,636.0
2022-02-08 12:09:00-05:00,37.22999954223633,37.22999954223633,37.22999954223633,37.22999954223633,37.22999954223633,489.0
2022-02-08 12:10:00-05:00,37.22999954223633,37.22999954223633,37.22999954223633,37.220001220703125,37.220001220703125,558.0
2022-02-08 12:11:00-05:00,37.17499923706055,37.17499923706055,37.220001220703125,37.17499923706055,37.220001220703125,1073.0
2022-02-08 12:12:00-05:00,,,,,,
2022-02-08 12:13:00-05:00,37.20000076293945,37.20000076293945,37.220001220703125,37.20000076293945,37.220001220703125,462.0
2022-02-08 12:14:00-05:00,,,,,,
2022-02-08 12:15:00-05:00,37.165000915527344,37.165000915527344,37.165000915527344,37.165000915527344,37.165000915527344,301.0
2022-02-08 12:16:00-05:00,37.16999816894531,37.16999816894531,37.16999816894531,37.150001525878906,37.16999816894531,1754.0
2022-02-08 12:17:00-05:00,37.15999984741211,37.15999984741211,37.15999984741211,37.15999984741211,37.15999984741211,100.0
2022-02-08 12:18:00-05:00,37.13999938964844,37.13999938964844,37.15999984741211,37.09000015258789,37.13999938964844,2957.0
2022-02-08 12:19:00-05:00,37.11000061035156,37.11000061035156,37.13999938964844,37.11000061035156,37.13999938964844,669.0
2022-02-08 12:20:00-05:00,37.165000915527344,37.165000915527344,37.16999816894531,37.130001068115234,37.1349983215332,4178.0
2022-02-08 12:21:00-05:00,37.165000915527344,37.165000915527344,37.165000915527344,37.165000915527344,37.165000915527344,706.0
2022-02-08 12:22:00-05:00,37.189998626708984,37.189998626708984,37.189998626708984,37.16999816894531,37.16999816894531,529.0
2022-02-08 12:23:00-05:00,37.189998626708984,37.189998626708984,37.189998626708984,37.189998626708984,37.189998626708984,142.0
2022-02-08 12:24:00-05:00,37.189998626708984,37.189998626708984,37.189998626708984,37.189998626708984,37.189998626708984,422.0
2022-02-08 12:25:00-05:00,37.189998626708984,37.189998626708984,37.21500015258789,37.189998626708984,37.212501525878906,756.0
2022-02-08 12:26:00-05:00,37.20000076293945,37.20000076293945,37.20000076293945,37.20000076293945,37.20000076293945,100.0
2022-02-08 12:27:00-05:00,37.189998626708984,37.189998626708984,37.189998626708984,37.189998626708984,37.189998626708984,132.0
2022-02-08 12:28:00-05:00,37.22999954223633,37.22999954223633,37.22999954223633,37.22999954223633,37.22999954223633,144.0
2022-02-08 12:29:00-05:00,,,,,,
2022-02-08 12:30:00-05:00,37.21500015258789,37.21500015258789,37.21500015258789,37.21500015258789,37.21500015258789,166.0
2022-02-08 12:31:00-05:00,37.20500183105469,37.20500183105469,37.209999084472656,37.20000076293945,37.209999084472656,1240.0
2022-02-08 12:32:00-05:00,37.21500015258789,37.21500015258789,37.220001220703125,37.20000076293945,37.20000076293945,1175.0
2022-02-08 12:33:00-05:00,37.220001220703125,37.220001220703125,37.220001220703125,37.21500015258789,37.21500015258789,415.0
2022-02-08 12:34:00-05:00,37.22999954223633,37.22999954223633,37.22999954223633,37.22999954223633,37.22999954223633,105.0
2022-02-08 12:35:00-05:00,37.2400016784668,37.2400016784668,37.2400016784668,37.2400016784668,37.2400016784668,175.0
2022-02-08 12:36:00-05:00,37.255001068115234,37.255001068115234,37.255001068115234,37.255001068115234,37.255001068115234,433.0
2022-02-08 12:37:00-05:00,37.24100112915039,37.24100112915039,37.25,37.24100112915039,37.25,902.0
2022-02-08 12:38:00-05:00,37.26499938964844,37.26499938964844,37.26499938964844,37.26499938964844,37.26499938964844,185.0
2022-02-08 12:39:00-05:00,37.279998779296875,37.279998779296875,37.279998779296875,37.2599983215332,37.2599983215332,940.0
2022-02-08 12:40:00-05:00,37.279998779296875,37.279998779296875,37.290000915527344,37.27000045776367,37.279998779296875,1312.0
2022-02-08 12:41:00-05:00,37.30500030517578,37.30500030517578,37.30500030517578,37.30500030517578,37.30500030517578,635.0
2022-02-08 12:42:00-05:00,37.279998779296875,37.279998779296875,37.310001373291016,37.26499938964844,37.279998779296875,4161.0
2022-02-08 12:43:00-05:00,37.25,37.25,37.2599983215332,37.25,37.2599983215332,581.0
2022-02-08 12:44:00-05:00,37.275001525878906,37.275001525878906,37.299598693847656,37.275001525878906,37.275001525878906,1146.0
2022-02-08 12:45:00-05:00,37.29999923706055,37.29999923706055,37.310001373291016,37.275001525878906,37.275001525878906,1261.0
2022-02-08 12:46:00-05:00,,,,,,
2022-02-08 12:47:00-05:00,37.310001373291016,37.310001373291016,37.310001373291016,37.310001373291016,37.310001373291016,378.0
2022-02-08 12:48:00-05:00,,,,,,
2022-02-08 12:49:00-05:00,37.334999084472656,37.334999084472656,37.334999084472656,37.334999084472656,37.334999084472656,5381.0
2022-02-08 12:50:00-05:00,37.33000183105469,37.33000183105469,37.33000183105469,37.33000183105469,37.33000183105469,132.0
2022-02-08 12:51:00-05:00,,,,,,
2022-02-08 12:52:00-05:00,37.38999938964844,37.38999938964844,37.38999938964844,37.349998474121094,37.349998474121094,1440.0
2022-02-08 12:53:00-05:00,,,,,,
2022-02-08 12:54:00-05:00,,,,,,
2022-02-08 12:55:00-05:00,37.439998626708984,37.439998626708984,37.44499969482422,37.439998626708984,37.44499969482422,214.0
2022-02-08 12:56:00-05:00,37.435001373291016,37.435001373291016,37.439998626708984,37.43000030517578,37.439998626708984,406.0
2022-02-08 12:57:00-05:00,37.41999816894531,37.41999816894531,37.439998626708984,37.41999816894531,37.439998626708984,769.0
2022-02-08 12:58:00-05:00,37.43000030517578,37.43000030517578,37.43000030517578,37.43000030517578,37.43000030517578,100.0
2022-02-08 12:59:00-05:00,37.459999084472656,37.459999084472656,37.459999084472656,37.439998626708984,37.439998626708984,6794.0
2022-02-08 13:00:00-05:00,37.5,37.5,37.5,37.45000076293945,37.459999084472656,1838.0
2022-02-08 13:01:00-05:00,37.505001068115234,37.505001068115234,37.505001068115234,37.505001068115234,37.505001068115234,1243.0
2022-02-08 13:02:00-05:00,37.57780075073242,37.57780075073242,37.57780075073242,37.529998779296875,37.529998779296875,1273.0
2022-02-08 13:03:00-05:00,37.599998474121094,37.599998474121094,37.599998474121094,37.540000915527344,37.55500030517578,3747.0
2022-02-08 13:04:00-05:00,37.630001068115234,37.630001068115234,37.630001068115234,37.61000061035156,37.61000061035156,415.0
2022-02-08 13:05:00-05:00,37.6349983215332,37.6349983215332,37.64929962158203,37.625,37.625,968.0
2022-02-08 13:06:00-05:00,37.650001525878906,37.650001525878906,37.66999816894531,37.6150016784668,37.630001068115234,1821.0
2022-02-08 13:07:00-05:00,37.630001068115234,37.630001068115234,37.650001525878906,37.630001068115234,37.650001525878906,1104.0
2022-02-08 13:08:00-05:00,37.63999938964844,37.63999938964844,37.650001525878906,37.619998931884766,37.619998931884766,812.0
2022-02-08 13:09:00-05:00,,,,,,
2022-02-08 13:10:00-05:00,37.65999984741211,37.65999984741211,37.65999984741211,37.630001068115234,37.6349983215332,1012.0
2022-02-08 13:11:00-05:00,37.66999816894531,37.66999816894531,37.689300537109375,37.65999984741211,37.66999816894531,1835.0
2022-02-08 13:12:00-05:00,37.66999816894531,37.66999816894531,37.68000030517578,37.65999984741211,37.68000030517578,883.0
2022-02-08 13:13:00-05:00,37.65999984741211,37.65999984741211,37.66999816894531,37.63999938964844,37.66999816894531,600.0
2022-02-08 13:14:00-05:00,37.65999984741211,37.65999984741211,37.65999984741211,37.65999984741211,37.65999984741211,117.0
2022-02-08 13:15:00-05:00,,,,,,
2022-02-08 13:16:00-05:00,37.65999984741211,37.65999984741211,37.65999984741211,37.65999984741211,37.65999984741211,195.0
2022-02-08 13:17:00-05:00,37.685001373291016,37.685001373291016,37.689998626708984,37.63999938964844,37.650001525878906,1786.0
2022-02-08 13:18:00-05:00,37.70000076293945,37.70000076293945,37.729400634765625,37.70000076293945,37.729400634765625,1441.0
2022-02-08 13:19:00-05:00,37.72999954223633,37.72999954223633,37.72999954223633,37.720001220703125,37.720001220703125,1418.0
2022-02-08 13:20:00-05:00,37.689998626708984,37.689998626708984,37.7400016784668,37.689998626708984,37.720001220703125,1786.0
2022-02-08 13:21:00-05:00,,,,,,
2022-02-08 13:22:00-05:00,37.720001220703125,37.720001220703125,37.720001220703125,37.720001220703125,37.720001220703125,137.0
2022-02-08 13:23:00-05:00,37.65999984741211,37.65999984741211,37.68000030517578,37.65999984741211,37.66999816894531,551.0
2022-02-08 13:24:00-05:00,37.68000030517578,37.68000030517578,37.68000030517578,37.68000030517578,37.68000030517578,311.0
2022-02-08 13:25:00-05:00,37.64500045776367,37.64500045776367,37.64500045776367,37.630001068115234,37.630001068115234,237.0
2022-02-08 13:26:00-05:00,37.59640121459961,37.59640121459961,37.63100051879883,37.59640121459961,37.63100051879883,2300.0
2022-02-08 13:27:00-05:00,37.654998779296875,37.654998779296875,37.654998779296875,37.654998779296875,37.654998779296875,349.0
2022-02-08 13:28:00-05:00,37.630001068115234,37.630001068115234,37.65739822387695,37.630001068115234,37.65739822387695,772.0
2022-02-08 13:29:00-05:00,37.654998779296875,37.654998779296875,37.654998779296875,37.619998931884766,37.619998931884766,1034.0
2022-02-08 13:30:00-05:00,,,,,,
2022-02-08 13:31:00-05:00,37.71189880371094,37.71189880371094,37.720001220703125,37.70000076293945,37.70000076293945,3665.0
2022-02-08 13:32:00-05:00,37.7400016784668,37.7400016784668,37.75,37.720001220703125,37.7400016784668,1006.0
2022-02-08 13:33:00-05:00,37.70000076293945,37.70000076293945,37.709999084472656,37.70000076293945,37.709999084472656,448.0
2022-02-08 13:34:00-05:00,37.689998626708984,37.689998626708984,37.71900177001953,37.689998626708984,37.70000076293945,4163.0
2022-02-08 13:35:00-05:00,,,,,,
2022-02-08 13:36:00-05:00,,,,,,
2022-02-08 13:37:00-05:00,37.70000076293945,37.70000076293945,37.70000076293945,37.70000076293945,37.70000076293945,121.0
2022-02-08 13:38:00-05:00,37.68000030517578,37.68000030517578,37.70000076293945,37.68000030517578,37.68000030517578,578.0
2022-02-08 13:39:00-05:00,37.709999084472656,37.709999084472656,37.709999084472656,37.709999084472656,37.709999084472656,121.0
2022-02-08 13:40:00-05:00,37.71500015258789,37.71500015258789,37.71500015258789,37.709999084472656,37.709999084472656,227.0
2022-02-08 13:41:00-05:00,37.71500015258789,37.71500015258789,37.71500015258789,37.709999084472656,37.709999084472656,1534.0
2022-02-08 13:42:00-05:00,37.709999084472656,37.709999084472656,37.720001220703125,37.70000076293945,37.71500015258789,2831.0
2022-02-08 13:43:00-05:00,37.709999084472656,37.709999084472656,37.709999084472656,37.709999084472656,37.709999084472656,472.0
2022-02-08 13:44:00-05:00,37.73500061035156,37.73500061035156,37.73500061035156,37.709999084472656,37.72999954223633,755.0
2022-02-08 13:45:00-05:00,37.744998931884766,37.744998931884766,37.744998931884766,37.7400016784668,37.7400016784668,279.0
2022-02-08 13:46:00-05:00,,,,,,
2022-02-08 13:47:00-05:00,,,,,,
2022-02-08 13:48:00-05:00,37.75,37.75,37.7599983215332,37.630001068115234,37.75,25697.0
2022-02-08 13:49:00-05:00,37.814998626708984,37.814998626708984,37.814998626708984,37.790000915527344,37.790000915527344,769.0
2022-02-08 13:50:00-05:00,37.78499984741211,37.78499984741211,37.80500030517578,37.77000045776367,37.80500030517578,1482.0
2022-02-08 13:51:00-05:00,37.81999969482422,37.81999969482422,37.81999969482422,37.79499816894531,37.810001373291016,1764.0
2022-02-08 13:52:00-05:00,37.79999923706055,37.79999923706055,37.79999923706055,37.79999923706055,37.79999923706055,544.0
2022-02-08 13:53:00-05:00,37.79999923706055,37.79999923706055,37.810001373291016,37.79999923706055,37.810001373291016,2032.0
2022-02-08 13:54:00-05:00,37.79999923706055,37.79999923706055,37.79999923706055,37.79999923706055,37.79999923706055,117.0
2022-02-08 13:55:00-05:00,37.790000915527344,37.790000915527344,37.790000915527344,37.790000915527344,37.790000915527344,121.0
2022-02-08 13:56:00-05:00,37.79999923706055,37.79999923706055,37.79999923706055,37.79999923706055,37.79999923706055,250.0
2022-02-08 13:57:00-05:00,,,,,,
2022-02-08 13:58:00-05:00,37.82500076293945,37.82500076293945,37.82500076293945,37.79999923706055,37.79999923706055,795.0
2022-02-08 13:59:00-05:00,37.81999969482422,37.81999969482422,37.849998474121094,37.81999969482422,37.82500076293945,5001.0
2022-02-08 14:00:00-05:00,37.79999923706055,37.79999923706055,37.810001373291016,37.79999923706055,37.810001373291016,500.0
2022-02-08 14:01:00-05:00,37.810001373291016,37.810001373291016,37.810001373291016,37.810001373291016,37.810001373291016,223.0
2022-02-08 14:02:00-05:00,37.81999969482422,37.81999969482422,37.845001220703125,37.81999969482422,37.81999969482422,2637.0
2022-02-08 14:03:00-05:00,,,,,,
2022-02-08 14:04:00-05:00,37.845001220703125,37.845001220703125,37.845001220703125,37.845001220703125,37.845001220703125,106.0
2022-02-08 14:05:00-05:00,37.810001373291016,37.810001373291016,37.86000061035156,37.79999923706055,37.86000061035156,4101.0
2022-02-08 14:06:00-05:00,37.790000915527344,37.790000915527344,37.81999969482422,37.7599983215332,37.81999969482422,1798.0
2022-02-08 14:07:00-05:00,37.80500030517578,37.80500030517578,37.81999969482422,37.79999923706055,37.79999923706055,416.0
2022-02-08 14:08:00-05:00,37.790000915527344,37.790000915527344,37.80500030517578,37.73500061035156,37.80500030517578,12906.0
2022-02-08 14:09:00-05:00,37.790000915527344,37.790000915527344,37.79999923706055,37.779998779296875,37.790000915527344,3107.0
2022-02-08 14:10:00-05:00,37.78499984741211,37.78499984741211,37.78499984741211,37.779998779296875,37.779998779296875,518.0
2022-02-08 14:11:00-05:00,37.790000915527344,37.790000915527344,37.79999923706055,37.77000045776367,37.77000045776367,1131.0
2022-02-08 14:12:00-05:00,,,,,,
2022-02-08 14:13:00-05:00,37.779998779296875,37.779998779296875,37.790000915527344,37.779998779296875,37.790000915527344,219.0
2022-02-08 14:14:00-05:00,37.75,37.75,37.77000045776367,37.720001220703125,37.77000045776367,1200.0
2022-02-08 14:15:00-05:00,37.720001220703125,37.720001220703125,37.75,37.720001220703125,37.75,1335.0
2022-02-08 14:16:00-05:00,37.689998626708984,37.689998626708984,37.689998626708984,37.68000030517578,37.68000030517578,563.0
2022-02-08 14:17:00-05:00,37.7400016784668,37.7400016784668,37.7400016784668,37.709999084472656,37.709999084472656,844.0
2022-02-08 14:18:00-05:00,37.755001068115234,37.755001068115234,37.755001068115234,37.755001068115234,37.755001068115234,137.0
2022-02-08 14:19:00-05:00,37.709999084472656,37.709999084472656,37.7400016784668,37.709999084472656,37.7400016784668,809.0
2022-02-08 14:20:00-05:00,,,,,,
2022-02-08 14:21:00-05:00,37.69499969482422,37.69499969482422,37.69499969482422,37.69499969482422,37.69499969482422,206.0
2022-02-08 14:22:00-05:00,37.58000183105469,37.58000183105469,37.630001068115234,37.58000183105469,37.630001068115234,405.0
2022-02-08 14:23:00-05:00,37.61000061035156,37.61000061035156,37.61000061035156,37.61000061035156,37.61000061035156,300.0
2022-02-08 14:24:00-05:00,37.599998474121094,37.599998474121094,37.650001525878906,37.599998474121094,37.650001525878906,579.0
2022-02-08 14:25:00-05:00,,,,,,
2022-02-08 14:26:00-05:00,37.595001220703125,37.595001220703125,37.619998931884766,37.58000183105469,37.599998474121094,2445.0
2022-02-08 14:27:00-05:00,37.54999923706055,37.54999923706055,37.595001220703125,37.54999923706055,37.595001220703125,1056.0
2022-02-08 14:28:00-05:00,37.56999969482422,37.56999969482422,37.56999969482422,37.560001373291016,37.560001373291016,714.0
2022-02-08 14:29:00-05:00,37.59000015258789,37.59000015258789,37.599998474121094,37.59000015258789,37.599998474121094,513.0
2022-02-08 14:30:00-05:00,37.689998626708984,37.689998626708984,37.689998626708984,37.59000015258789,37.59000015258789,9827.0
2022-02-08 14:31:00-05:00,37.709999084472656,37.709999084472656,37.720001220703125,37.70000076293945,37.720001220703125,1034.0
2022-02-08 14:32:00-05:00,37.70500183105469,37.70500183105469,37.70500183105469,37.70500183105469,37.70500183105469,589.0
2022-02-08 14:33:00-05:00,,,,,,
2022-02-08 14:34:00-05:00,,,,,,
2022-02-08 14:35:00-05:00,37.75,37.75,37.75,37.75,37.75,388.0
2022-02-08 14:36:00-05:00,37.77000045776367,37.77000045776367,37.79999923706055,37.77000045776367,37.79999923706055,939.0
2022-02-08 14:37:00-05:00,37.79999923706055,37.79999923706055,37.83000183105469,37.779998779296875,37.790000915527344,2304.0
2022-02-08 14:38:00-05:00,37.79999923706055,37.79999923706055,37.79999923706055,37.79999923706055,37.79999923706055,155.0
2022-02-08 14:39:00-05:00,37.77000045776367,37.77000045776367,37.81999969482422,37.750999450683594,37.779998779296875,1061.0
2022-02-08 14:40:00-05:00,37.790000915527344,37.790000915527344,37.790000915527344,37.790000915527344,37.790000915527344,213.0
2022-02-08 14:41:00-05:00,37.77000045776367,37.77000045776367,37.790000915527344,37.77000045776367,37.790000915527344,237.0
2022-02-08 14:42:00-05:00,37.810001373291016,37.810001373291016,37.869998931884766,37.7400016784668,37.77000045776367,14265.0
2022-02-08 14:43:00-05:00,37.779998779296875,37.779998779296875,37.790000915527344,37.779998779296875,37.790000915527344,2008.0
2022-02-08 14:44:00-05:00,37.849998474121094,37.849998474121094,37.869998931884766,37.790000915527344,37.790000915527344,6800.0
2022-02-08 14:45:00-05:00,37.875,37.875,37.8849983215332,37.84000015258789,37.8650016784668,2258.0
2022-02-08 14:46:00-05:00,37.875,37.875,37.875,37.875,37.875,100.0
2022-02-08 14:47:00-05:00,37.8650016784668,37.8650016784668,37.8650016784668,37.849998474121094,37.8650016784668,632.0
2022-02-08 14:48:00-05:00,37.83000183105469,37.83000183105469,37.869998931884766,37.83000183105469,37.849998474121094,2481.0
2022-02-08 14:49:00-05:00,37.84000015258789,37.84000015258789,37.849998474121094,37.81999969482422,37.83000183105469,1070.0
2022-02-08 14:50:00-05:00,37.86000061035156,37.86000061035156,37.86000061035156,37.84000015258789,37.849998474121094,1622.0
2022-02-08 14:51:00-05:00,37.8849983215332,37.8849983215332,37.88999938964844,37.869998931884766,37.869998931884766,2149.0
2022-02-08 14:52:00-05:00,37.904998779296875,37.904998779296875,37.93000030517578,37.869998931884766,37.869998931884766,2438.0
2022-02-08 14:53:00-05:00,37.89500045776367,37.89500045776367,37.89500045776367,37.88999938964844,37.88999938964844,435.0
2022-02-08 14:54:00-05:00,,,,,,
2022-02-08 14:55:00-05:00,37.93000030517578,37.93000030517578,37.93000030517578,37.90999984741211,37.90999984741211,1893.0
2022-02-08 14:56:00-05:00,,,,,,
2022-02-08 14:57:00-05:00,37.91999816894531,37.91999816894531,37.91999816894531,37.88999938964844,37.90999984741211,1784.0
2022-02-08 14:58:00-05:00,37.88999938964844,37.88999938964844,37.88999938964844,37.86000061035156,37.869998931884766,1553.0
2022-02-08 14:59:00-05:00,37.90999984741211,37.90999984741211,37.959999084472656,37.88999938964844,37.88999938964844,4811.0
2022-02-08 15:00:00-05:00,37.90999984741211,37.90999984741211,37.91999816894531,37.90999984741211,37.90999984741211,6595.0
2022-02-08 15:01:00-05:00,37.970001220703125,37.970001220703125,37.970001220703125,37.93000030517578,37.959999084472656,2812.0
2022-02-08 15:02:00-05:00,37.93000030517578,37.93000030517578,37.970001220703125,37.93000030517578,37.970001220703125,1237.0
2022-02-08 15:03:00-05:00,37.95000076293945,37.95000076293945,37.95000076293945,37.939998626708984,37.939998626708984,1904.0
2022-02-08 15:04:00-05:00,37.93000030517578,37.93000030517578,37.970001220703125,37.93000030517578,37.970001220703125,2546.0
2022-02-08 15:05:00-05:00,37.959999084472656,37.959999084472656,37.970001220703125,37.91999816894531,37.91999816894531,2849.0
2022-02-08 15:06:00-05:00,37.93000030517578,37.93000030517578,37.939998626708984,37.91999816894531,37.939998626708984,702.0
2022-02-08 15:07:00-05:00,37.93000030517578,37.93000030517578,37.939998626708984,37.90999984741211,37.91999816894531,3760.0
2022-02-08 15:08:00-05:00,37.95500183105469,37.95500183105469,37.9900016784668,37.92499923706055,37.92499923706055,3165.0
2022-02-08 15:09:00-05:00,37.95000076293945,37.95000076293945,37.959999084472656,37.92499923706055,37.95000076293945,5100.0
2022-02-08 15:10:00-05:00,37.974998474121094,37.974998474121094,37.974998474121094,37.95000076293945,37.95000076293945,645.0
2022-02-08 15:11:00-05:00,37.97999954223633,37.97999954223633,38.005001068115234,37.97999954223633,37.9900016784668,2441.0
2022-02-08 15:12:00-05:00,37.9900016784668,37.9900016784668,38.0,37.9900016784668,37.994998931884766,1761.0
2022-02-08 15:13:00-05:00,37.970001220703125,37.970001220703125,37.9900016784668,37.95000076293945,37.9900016784668,1632.0
2022-02-08 15:14:00-05:00,37.97999954223633,37.97999954223633,37.97999954223633,37.970001220703125,37.970001220703125,990.0
2022-02-08 15:15:00-05:00,37.97999954223633,37.97999954223633,38.0,37.97999954223633,37.9900016784668,2154.0
2022-02-08 15:16:00-05:00,37.959999084472656,37.959999084472656,37.974998474121094,37.95500183105469,37.974998474121094,914.0
2022-02-08 15:17:00-05:00,37.959999084472656,37.959999084472656,37.9900016784668,37.959999084472656,37.959999084472656,2914.0
2022-02-08 15:18:00-05:00,37.97999954223633,37.97999954223633,37.97999954223633,37.970001220703125,37.970001220703125,870.0
2022-02-08 15:19:00-05:00,37.959999084472656,37.959999084472656,37.974998474121094,37.959999084472656,37.974998474121094,210.0
2022-02-08 15:20:00-05:00,37.959999084472656,37.959999084472656,37.970001220703125,37.959999084472656,37.970001220703125,450.0
2022-02-08 15:21:00-05:00,37.86000061035156,37.86000061035156,37.90999984741211,37.86000061035156,37.90999984741211,900.0
2022-02-08 15:22:00-05:00,37.915000915527344,37.915000915527344,37.915000915527344,37.88999938964844,37.900001525878906,1178.0
2022-02-08 15:23:00-05:00,37.900001525878906,37.900001525878906,37.90999984741211,37.900001525878906,37.90999984741211,502.0
2022-02-08 15:24:00-05:00,37.8849983215332,37.8849983215332,37.8849983215332,37.8849983215332,37.8849983215332,107.0
2022-02-08 15:25:00-05:00,37.8849983215332,37.8849983215332,37.900001525878906,37.869998931884766,37.900001525878906,1019.0
2022-02-08 15:26:00-05:00,37.880001068115234,37.880001068115234,37.880001068115234,37.849998474121094,37.869998931884766,1592.0
2022-02-08 15:27:00-05:00,37.880001068115234,37.880001068115234,37.880001068115234,37.880001068115234,37.880001068115234,152.0
2022-02-08 15:28:00-05:00,37.84000015258789,37.84000015258789,37.869998931884766,37.81999969482422,37.869998931884766,1732.0
2022-02-08 15:29:00-05:00,37.84000015258789,37.84000015258789,37.84000015258789,37.81999969482422,37.81999969482422,704.0
2022-02-08 15:30:00-05:00,37.84000015258789,37.84000015258789,37.84000015258789,37.84000015258789,37.84000015258789,407.0
2022-02-08 15:31:00-05:00,37.84749984741211,37.84749984741211,37.86000061035156,37.845001220703125,37.86000061035156,1310.0
2022-02-08 15:32:00-05:00,37.880001068115234,37.880001068115234,37.880001068115234,37.86000061035156,37.86000061035156,1917.0
2022-02-08 15:33:00-05:00,37.880001068115234,37.880001068115234,37.88999938964844,37.869998931884766,37.869998931884766,2644.0
2022-02-08 15:34:00-05:00,37.849998474121094,37.849998474121094,37.880001068115234,37.849998474121094,37.869998931884766,2069.0
2022-02-08 15:35:00-05:00,37.810001373291016,37.810001373291016,37.834999084472656,37.79999923706055,37.834999084472656,1247.0
2022-02-08 15:36:00-05:00,37.84000015258789,37.84000015258789,37.849998474121094,37.83000183105469,37.83000183105469,1105.0
2022-02-08 15:37:00-05:00,37.849998474121094,37.849998474121094,37.849998474121094,37.84000015258789,37.84000015258789,649.0
2022-02-08 15:38:00-05:00,,,,,,
2022-02-08 15:39:00-05:00,37.83100128173828,37.83100128173828,37.849998474121094,37.83100128173828,37.834999084472656,1498.0
2022-02-08 15:40:00-05:00,37.84000015258789,37.84000015258789,37.84000015258789,37.83000183105469,37.84000015258789,1347.0
2022-02-08 15:41:00-05:00,37.84000015258789,37.84000015258789,37.849998474121094,37.84000015258789,37.84000015258789,930.0
2022-02-08 15:42:00-05:00,37.84000015258789,37.84000015258789,37.84000015258789,37.81999969482422,37.81999969482422,1583.0
2022-02-08 15:43:00-05:00,37.86000061035156,37.86000061035156,37.86000061035156,37.83000183105469,37.849998474121094,1368.0
2022-02-08 15:44:00-05:00,37.84000015258789,37.84000015258789,37.86000061035156,37.84000015258789,37.86000061035156,1479.0
2022-02-08 15:45:00-05:00,37.845001220703125,37.845001220703125,37.845001220703125,37.83000183105469,37.83000183105469,537.0
2022-02-08 15:46:00-05:00,37.86000061035156,37.86000061035156,37.880001068115234,37.849998474121094,37.849998474121094,5660.0
2022-02-08 15:47:00-05:00,37.81999969482422,37.81999969482422,37.849998474121094,37.810001373291016,37.849998474121094,2300.0
2022-02-08 15:48:00-05:00,37.82160186767578,37.82160186767578,37.84000015258789,37.79999923706055,37.84000015258789,3143.0
2022-02-08 15:49:00-05:00,37.79999923706055,37.79999923706055,37.84000015258789,37.79999923706055,37.84000015258789,4724.0
2022-02-08 15:50:00-05:00,37.810001373291016,37.810001373291016,37.810001373291016,37.779998779296875,37.790000915527344,4329.0
2022-02-08 15:51:00-05:00,37.79999923706055,37.79999923706055,37.82099914550781,37.790000915527344,37.82099914550781,1625.0
2022-02-08 15:52:00-05:00,37.849998474121094,37.849998474121094,37.849998474121094,37.79999923706055,37.79999923706055,2282.0
2022-02-08 15:53:00-05:00,37.83000183105469,37.83000183105469,37.849998474121094,37.83000183105469,37.849998474121094,3727.0
2022-02-08 15:54:00-05:00,37.869998931884766,37.869998931884766,37.880001068115234,37.84000015258789,37.86000061035156,3973.0
2022-02-08 15:55:00-05:00,37.88999938964844,37.88999938964844,37.904998779296875,37.880001068115234,37.880001068115234,3360.0
2022-02-08 15:56:00-05:00,37.834999084472656,37.834999084472656,37.880001068115234,37.81999969482422,37.869998931884766,4297.0
2022-02-08 15:57:00-05:00,37.810001373291016,37.810001373291016,37.83000183105469,37.76599884033203,37.83000183105469,5116.0
2022-02-08 15:58:00-05:00,37.7400016784668,37.7400016784668,37.83000183105469,37.7400016784668,37.81999969482422,7493.0
2022-02-08 15:59:00-05:00,37.79999923706055,37.79999923706055,37.79999923706055,37.720001220703125,37.72999954223633,8585.0
2022-02-09 09:30:00-05:00,37.529998779296875,37.529998779296875,37.970001220703125,37.4900016784668,37.689998626708984,5834.0
2022-02-09 09:31:00-05:00,,,,,,
2022-02-09 09:32:00-05:00,,,,,,
2022-02-09 09:33:00-05:00,,,,,,
2022-02-09 09:34:00-05:00,37.720001220703125,37.720001220703125,37.720001220703125,37.720001220703125,37.720001220703125,252.0
2022-02-09 09:35:00-05:00,37.54999923706055,37.54999923706055,37.54999923706055,37.54999923706055,37.54999923706055,280.0
2022-02-09 09:36:00-05:00,37.52000045776367,37.52000045776367,37.52000045776367,37.52000045776367,37.52000045776367,202.0
2022-02-09 09:37:00-05:00,37.52000045776367,37.52000045776367,37.52000045776367,37.52000045776367,37.52000045776367,105.0
2022-02-09 09:38:00-05:00,37.4900016784668,37.4900016784668,37.540000915527344,37.4900016784668,37.540000915527344,935.0
2022-02-09 09:39:00-05:00,37.56999969482422,37.56999969482422,37.56999969482422,37.42409896850586,37.42409896850586,2256.0
2022-02-09 09:40:00-05:00,37.470001220703125,37.470001220703125,37.4900016784668,37.470001220703125,37.47999954223633,944.0
2022-02-09 09:41:00-05:00,37.54999923706055,37.54999923706055,37.54999923706055,37.54999923706055,37.54999923706055,240.0
2022-02-09 09:42:00-05:00,37.65999984741211,37.65999984741211,37.65999984741211,37.56999969482422,37.59000015258789,334.0
2022-02-09 09:43:00-05:00,37.58000183105469,37.58000183105469,37.59000015258789,37.58000183105469,37.59000015258789,441.0
2022-02-09 09:44:00-05:00,37.619998931884766,37.619998931884766,37.619998931884766,37.59000015258789,37.59000015258789,648.0
2022-02-09 09:45:00-05:00,37.685001373291016,37.685001373291016,37.709999084472656,37.650001525878906,37.709999084472656,454.0
2022-02-09 09:46:00-05:00,37.68000030517578,37.68000030517578,37.709999084472656,37.68000030517578,37.709999084472656,8309.0
2022-02-09 09:47:00-05:00,37.68000030517578,37.68000030517578,37.689998626708984,37.68000030517578,37.689998626708984,292.0
2022-02-09 09:48:00-05:00,,,,,,
2022-02-09 09:49:00-05:00,37.779998779296875,37.779998779296875,37.779998779296875,37.689998626708984,37.70000076293945,1281.0
2022-02-09 09:50:00-05:00,37.75,37.75,37.75,37.70000076293945,37.70000076293945,700.0
2022-02-09 09:51:00-05:00,37.70000076293945,37.70000076293945,37.70000076293945,37.66999816894531,37.66999816894531,976.0
2022-02-09 09:52:00-05:00,37.720001220703125,37.720001220703125,37.77000045776367,37.720001220703125,37.77000045776367,442.0
2022-02-09 09:53:00-05:00,37.689998626708984,37.689998626708984,37.75,37.689998626708984,37.689998626708984,1598.0
2022-02-09 09:54:00-05:00,,,,,,
2022-02-09 09:55:00-05:00,37.720001220703125,37.720001220703125,37.720001220703125,37.709999084472656,37.709999084472656,686.0
2022-02-09 09:56:00-05:00,37.650001525878906,37.650001525878906,37.709999084472656,37.650001525878906,37.709999084472656,1061.0
2022-02-09 09:57:00-05:00,37.630001068115234,37.630001068115234,37.63999938964844,37.56999969482422,37.630001068115234,2053.0
2022-02-09 09:58:00-05:00,,,,,,
2022-02-09 09:59:00-05:00,37.59000015258789,37.59000015258789,37.630001068115234,37.58000183105469,37.630001068115234,2286.0
2022-02-09 10:00:00-05:00,37.650001525878906,37.650001525878906,37.650001525878906,37.61000061035156,37.61000061035156,543.0
2022-02-09 10:01:00-05:00,37.60499954223633,37.60499954223633,37.60499954223633,37.60499954223633,37.60499954223633,66656.0
2022-02-09 10:02:00-05:00,37.59000015258789,37.59000015258789,37.70000076293945,37.59000015258789,37.619998931884766,3688.0
2022-02-09 10:03:00-05:00,37.630001068115234,37.630001068115234,37.630001068115234,37.61000061035156,37.619998931884766,637.0
2022-02-09 10:04:00-05:00,37.630001068115234,37.630001068115234,37.630001068115234,37.619998931884766,37.619998931884766,561.0
2022-02-09 10:05:00-05:00,37.599998474121094,37.599998474121094,37.63999938964844,37.599998474121094,37.630001068115234,756.0
2022-02-09 10:06:00-05:00,37.63999938964844,37.63999938964844,37.63999938964844,37.58000183105469,37.59000015258789,1942.0
2022-02-09 10:07:00-05:00,37.709999084472656,37.709999084472656,37.709999084472656,37.689998626708984,37.689998626708984,1417.0
2022-02-09 10:08:00-05:00,37.810001373291016,37.810001373291016,37.810001373291016,37.720001220703125,37.720001220703125,1588.0
2022-02-09 10:09:00-05:00,37.7599983215332,37.7599983215332,37.790000915527344,37.7599983215332,37.790000915527344,445.0
2022-02-09 10:10:00-05:00,37.77000045776367,37.77000045776367,37.77000045776367,37.77000045776367,37.77000045776367,468.0
2022-02-09 10:11:00-05:00,37.72999954223633,37.72999954223633,37.72999954223633,37.72999954223633,37.72999954223633,123.0
2022-02-09 10:12:00-05:00,,,,,,
2022-02-09 10:13:00-05:00,37.7599983215332,37.7599983215332,37.779998779296875,37.709999084472656,37.709999084472656,1126.0
2022-02-09 10:14:00-05:00,,,,,,
2022-02-09 10:15:00-05:00,,,,,,
2022-02-09 10:16:00-05:00,37.78499984741211,37.78499984741211,37.78499984741211,37.779998779296875,37.779998779296875,411.0
2022-02-09 10:17:00-05:00,37.70000076293945,37.70000076293945,37.7599983215332,37.70000076293945,37.7599983215332,250.0
2022-02-09 10:18:00-05:00,37.7400016784668,37.7400016784668,37.7400016784668,37.7400016784668,37.7400016784668,834.0
2022-02-09 10:19:00-05:00,37.68000030517578,37.68000030517578,37.709999084472656,37.68000030517578,37.709999084472656,541.0
2022-02-09 10:20:00-05:00,,,,,,
2022-02-09 10:21:00-05:00,37.70000076293945,37.70000076293945,37.70000076293945,37.70000076293945,37.70000076293945,879.0
2022-02-09 10:22:00-05:00,37.689998626708984,37.689998626708984,37.689998626708984,37.689998626708984,37.689998626708984,839.0
2022-02-09 10:23:00-05:00,37.689998626708984,37.689998626708984,37.689998626708984,37.689998626708984,37.689998626708984,135.0
2022-02-09 10:24:00-05:00,37.619998931884766,37.619998931884766,37.65999984741211,37.59000015258789,37.65999984741211,1007.0
2022-02-09 10:25:00-05:00,37.650001525878906,37.650001525878906,37.650001525878906,37.650001525878906,37.650001525878906,109.0
2022-02-09 10:26:00-05:00,37.650001525878906,37.650001525878906,37.65999984741211,37.650001525878906,37.65999984741211,204.0
2022-02-09 10:27:00-05:00,37.650001525878906,37.650001525878906,37.650001525878906,37.650001525878906,37.650001525878906,280.0
2022-02-09 10:28:00-05:00,37.6349983215332,37.6349983215332,37.6349983215332,37.595001220703125,37.599998474121094,778.0
2022-02-09 10:29:00-05:00,,,,,,
2022-02-09 10:30:00-05:00,,,,,,
2022-02-09 10:31:00-05:00,37.630001068115234,37.630001068115234,37.630001068115234,37.624000549316406,37.625,526.0
2022-02-09 10:32:00-05:00,37.65999984741211,37.65999984741211,37.65999984741211,37.63999938964844,37.63999938964844,535.0
2022-02-09 10:33:00-05:00,37.63999938964844,37.63999938964844,37.66999816894531,37.630001068115234,37.66999816894531,1501.0
2022-02-09 10:34:00-05:00,,,,,,
2022-02-09 10:35:00-05:00,37.63999938964844,37.63999938964844,37.63999938964844,37.61000061035156,37.619998931884766,2858.0
2022-02-09 10:36:00-05:00,37.63999938964844,37.63999938964844,37.63999938964844,37.61000061035156,37.630001068115234,440.0
2022-02-09 10:37:00-05:00,37.619998931884766,37.619998931884766,37.619998931884766,37.619998931884766,37.619998931884766,1031.0
2022-02-09 10:38:00-05:00,37.619998931884766,37.619998931884766,37.619998931884766,37.61000061035156,37.619998931884766,818.0
2022-02-09 10:39:00-05:00,37.70000076293945,37.70000076293945,37.70000076293945,37.63999938964844,37.63999938964844,926.0
2022-02-09 10:40:00-05:00,37.7400016784668,37.7400016784668,37.7599983215332,37.7400016784668,37.7599983215332,1181.0
2022-02-09 10:41:00-05:00,37.7400016784668,37.7400016784668,37.74449920654297,37.7400016784668,37.74449920654297,365.0
2022-02-09 10:42:00-05:00,37.720001220703125,37.720001220703125,37.72999954223633,37.720001220703125,37.72999954223633,418.0
2022-02-09 10:43:00-05:00,37.689998626708984,37.689998626708984,37.70000076293945,37.689998626708984,37.70000076293945,331.0
2022-02-09 10:44:00-05:00,,,,,,
2022-02-09 10:45:00-05:00,37.68000030517578,37.68000030517578,37.68000030517578,37.68000030517578,37.68000030517578,163.0
2022-02-09 10:46:00-05:00,37.70000076293945,37.70000076293945,37.70000076293945,37.70000076293945,37.70000076293945,702.0
2022-02-09 10:47:00-05:00,37.763301849365234,37.763301849365234,37.763301849365234,37.689998626708984,37.689998626708984,901.0
2022-02-09 10:48:00-05:00,,,,,,
2022-02-09 10:49:00-05:00,,,,,,
2022-02-09 10:50:00-05:00,37.7599983215332,37.7599983215332,37.76499938964844,37.720001220703125,37.720001220703125,332.0
2022-02-09 10:51:00-05:00,37.77000045776367,37.77000045776367,37.77000045776367,37.77000045776367,37.77000045776367,173.0
2022-02-09 10:52:00-05:00,,,,,,
2022-02-09 10:53:00-05:00,37.790000915527344,37.790000915527344,37.790000915527344,37.790000915527344,37.790000915527344,441.0
2022-02-09 10:54:00-05:00,37.790000915527344,37.790000915527344,37.790000915527344,37.779998779296875,37.790000915527344,1060.0
2022-02-09 10:55:00-05:00,,,,,,
2022-02-09 10:56:00-05:00,,,,,,
2022-02-09 10:57:00-05:00,37.77000045776367,37.77000045776367,37.77000045776367,37.77000045776367,37.77000045776367,168.0
2022-02-09 10:58:00-05:00,37.720001220703125,37.720001220703125,37.72999954223633,37.720001220703125,37.72999954223633,259.0
2022-02-09 10:59:00-05:00,37.7599983215332,37.7599983215332,37.7599983215332,37.7599983215332,37.7599983215332,123.0
2022-02-09 11:00:00-05:00,37.7400016784668,37.7400016784668,37.75,37.7400016784668,37.75,782.0
2022-02-09 11:01:00-05:00,,,,,,
2022-02-09 11:02:00-05:00,,,,,,
2022-02-09 11:03:00-05:00,,,,,,
2022-02-09 11:04:00-05:00,37.72999954223633,37.72999954223633,37.72999954223633,37.72999954223633,37.72999954223633,397.0
2022-02-09 11:05:00-05:00,37.68000030517578,37.68000030517578,37.689998626708984,37.66999816894531,37.66999816894531,2028.0
2022-02-09 11:06:00-05:00,37.65999984741211,37.65999984741211,37.65999984741211,37.619998931884766,37.619998931884766,1423.0
2022-02-09 11:07:00-05:00,,,,,,
2022-02-09 11:08:00-05:00,37.630001068115234,37.630001068115234,37.63999938964844,37.61000061035156,37.63999938964844,1405.0
2022-02-09 11:09:00-05:00,37.619998931884766,37.619998931884766,37.619998931884766,37.619998931884766,37.619998931884766,209.0
2022-02-09 11:10:00-05:00,,,,,,
2022-02-09 11:11:00-05:00,37.619998931884766,37.619998931884766,37.619998931884766,37.619998931884766,37.619998931884766,198.0
2022-02-09 11:12:00-05:00,,,,,,
2022-02-09 11:13:00-05:00,37.619998931884766,37.619998931884766,37.619998931884766,37.560001373291016,37.619998931884766,1879.0
2022-02-09 11:14:00-05:00,,,,,,
2022-02-09 11:15:00-05:00,37.61000061035156,37.61000061035156,37.61000061035156,37.61000061035156,37.61000061035156,295.0
2022-02-09 11:16:00-05:00,37.56999969482422,37.56999969482422,37.58000183105469,37.54999923706055,37.58000183105469,866.0
2022-02-09 11:17:00-05:00,,,,,,
2022-02-09 11:18:00-05:00,37.54999923706055,37.54999923706055,37.58000183105469,37.54999923706055,37.58000183105469,337.0
2022-02-09 11:19:00-05:00,37.54999923706055,37.54999923706055,37.54999923706055,37.54999923706055,37.54999923706055,102.0
2022-02-09 11:20:00-05:00,,,,,,
2022-02-09 11:21:00-05:00,37.560001373291016,37.560001373291016,37.59000015258789,37.560001373291016,37.56999969482422,1558.0
2022-02-09 11:22:00-05:00,,,,,,
2022-02-09 11:23:00-05:00,37.54999923706055,37.54999923706055,37.54999923706055,37.54999923706055,37.54999923706055,502.0
2022-02-09 11:24:00-05:00,37.529998779296875,37.529998779296875,37.560001373291016,37.529998779296875,37.54999923706055,1511.0
2022-02-09 11:25:00-05:00,37.56999969482422,37.56999969482422,37.56999969482422,37.56999969482422,37.56999969482422,206.0
2022-02-09 11:26:00-05:00,37.54999923706055,37.54999923706055,37.54999923706055,37.54999923706055,37.54999923706055,331.0
2022-02-09 11:27:00-05:00,,,,,,
2022-02-09 11:28:00-05:00,,,,,,
2022-02-09 11:29:00-05:00,37.560001373291016,37.560001373291016,37.560001373291016,37.560001373291016,37.560001373291016,334.0
2022-02-09 11:30:00-05:00,,,,,,
2022-02-09 11:31:00-05:00,37.599998474121094,37.599998474121094,37.599998474121094,37.599998474121094,37.599998474121094,121.0
2022-02-09 11:32:00-05:00,37.59000015258789,37.59000015258789,37.59000015258789,37.58000183105469,37.58000183105469,758.0
2022-02-09 11:33:00-05:00,37.58000183105469,37.58000183105469,37.58000183105469,37.58000183105469,37.58000183105469,474.0
2022-02-09 11:34:00-05:00,,,,,,
2022-02-09 11:35:00-05:00,37.540000915527344,37.540000915527344,37.540000915527344,37.540000915527344,37.540000915527344,206.0
2022-02-09 11:36:00-05:00,37.5099983215332,37.5099983215332,37.5099983215332,37.5099983215332,37.5099983215332,282.0
2022-02-09 11:37:00-05:00,,,,,,
2022-02-09 11:38:00-05:00,37.5,37.5,37.5,37.5,37.5,100.0
2022-02-09 11:39:00-05:00,37.529998779296875,37.529998779296875,37.529998779296875,37.5099983215332,37.5099983215332,480.0
2022-02-09 11:40:00-05:00,37.53499984741211,37.53499984741211,37.540000915527344,37.529998779296875,37.529998779296875,1747.0
2022-02-09 11:41:00-05:00,37.5796012878418,37.5796012878418,37.5796012878418,37.5796012878418,37.5796012878418,138.0
2022-02-09 11:42:00-05:00,37.56999969482422,37.56999969482422,37.58000183105469,37.560001373291016,37.57609939575195,3137.0
2022-02-09 11:43:00-05:00,,,,,,
2022-02-09 11:44:00-05:00,,,,,,
2022-02-09 11:45:00-05:00,37.5099983215332,37.5099983215332,37.5099983215332,37.5099983215332,37.5099983215332,148.0
2022-02-09 11:46:00-05:00,,,,,,
2022-02-09 11:47:00-05:00,37.470001220703125,37.470001220703125,37.470001220703125,37.470001220703125,37.470001220703125,240.0
2022-02-09 11:48:00-05:00,37.41999816894531,37.41999816894531,37.41999816894531,37.40999984741211,37.40999984741211,397.0
2022-02-09 11:49:00-05:00,37.38999938964844,37.38999938964844,37.38999938964844,37.38999938964844,37.38999938964844,102.0
2022-02-09 11:50:00-05:00,37.38999938964844,37.38999938964844,37.38999938964844,37.38999938964844,37.38999938964844,800.0
2022-02-09 11:51:00-05:00,37.38999938964844,37.38999938964844,37.400001525878906,37.38999938964844,37.400001525878906,346.0
2022-02-09 11:52:00-05:00,,,,,,
2022-02-09 11:53:00-05:00,,,,,,
2022-02-09 11:54:00-05:00,37.31999969482422,37.31999969482422,37.349998474121094,37.31999969482422,37.349998474121094,623.0
2022-02-09 11:55:00-05:00,37.310001373291016,37.310001373291016,37.310001373291016,37.310001373291016,37.310001373291016,324.0
2022-02-09 11:56:00-05:00,37.32929992675781,37.32929992675781,37.33000183105469,37.310001373291016,37.33000183105469,996.0
2022-02-09 11:57:00-05:00,,,,,,
2022-02-09 11:58:00-05:00,37.310001373291016,37.310001373291016,37.310001373291016,37.29999923706055,37.29999923706055,652.0
2022-02-09 11:59:00-05:00,,,,,,
2022-02-09 12:00:00-05:00,,,,,,
2022-02-09 12:01:00-05:00,37.279998779296875,37.279998779296875,37.279998779296875,37.279998779296875,37.279998779296875,505.0
2022-02-09 12:02:00-05:00,37.31999969482422,37.31999969482422,37.31999969482422,37.29999923706055,37.29999923706055,200.0
2022-02-09 12:03:00-05:00,37.25,37.25,37.25,37.25,37.25,208.0
2022-02-09 12:04:00-05:00,,,,,,
2022-02-09 12:05:00-05:00,,,,,,
2022-02-09 12:06:00-05:00,37.220001220703125,37.220001220703125,37.22999954223633,37.220001220703125,37.22999954223633,482.0
2022-02-09 12:07:00-05:00,37.20000076293945,37.20000076293945,37.20000076293945,37.20000076293945,37.20000076293945,100.0
2022-02-09 12:08:00-05:00,37.150001525878906,37.150001525878906,37.220001220703125,37.150001525878906,37.220001220703125,461.0
2022-02-09 12:09:00-05:00,37.119998931884766,37.119998931884766,37.119998931884766,37.119998931884766,37.119998931884766,209.0
2022-02-09 12:10:00-05:00,37.119998931884766,37.119998931884766,37.18000030517578,37.119998931884766,37.150001525878906,938.0
2022-02-09 12:11:00-05:00,37.099998474121094,37.099998474121094,37.099998474121094,37.099998474121094,37.099998474121094,112.0
2022-02-09 12:12:00-05:00,37.04999923706055,37.04999923706055,37.06999969482422,37.04999923706055,37.06999969482422,844.0
2022-02-09 12:13:00-05:00,,,,,,
2022-02-09 12:14:00-05:00,36.97999954223633,36.97999954223633,36.97999954223633,36.97999954223633,36.97999954223633,163.0
2022-02-09 12:15:00-05:00,37.099998474121094,37.099998474121094,37.10499954223633,37.08000183105469,37.08000183105469,1654.0
2022-02-09 12:16:00-05:00,37.095001220703125,37.095001220703125,37.095001220703125,37.095001220703125,37.095001220703125,120.0
2022-02-09 12:17:00-05:00,37.15999984741211,37.15999984741211,37.15999984741211,37.11000061035156,37.11000061035156,838.0
2022-02-09 12:18:00-05:00,,,,,,
2022-02-09 12:19:00-05:00,37.189998626708984,37.189998626708984,37.189998626708984,37.189998626708984,37.189998626708984,100.0
2022-02-09 12:20:00-05:00,37.20000076293945,37.20000076293945,37.20000076293945,37.189998626708984,37.189998626708984,685.0
2022-02-09 12:21:00-05:00,37.20000076293945,37.20000076293945,37.20000076293945,37.20000076293945,37.20000076293945,440.0
2022-02-09 12:22:00-05:00,37.220001220703125,37.220001220703125,37.2400016784668,37.16999816894531,37.18000030517578,4078.0
2022-02-09 12:23:00-05:00,37.22999954223633,37.22999954223633,37.22999954223633,37.22999954223633,37.22999954223633,686.0
2022-02-09 12:24:00-05:00,37.27000045776367,37.27000045776367,37.27000045776367,37.27000045776367,37.27000045776367,399.0
2022-02-09 12:25:00-05:00,,,,,,
2022-02-09 12:26:00-05:00,37.22999954223633,37.22999954223633,37.22999954223633,37.22999954223633,37.22999954223633,102.0
2022-02-09 12:27:00-05:00,37.224998474121094,37.224998474121094,37.224998474121094,37.224998474121094,37.224998474121094,262.0
2022-02-09 12:28:00-05:00,37.2400016784668,37.2400016784668,37.2400016784668,37.2400016784668,37.2400016784668,110.0
2022-02-09 12:29:00-05:00,37.22999954223633,37.22999954223633,37.22999954223633,37.209999084472656,37.220001220703125,1679.0
2022-02-09 12:30:00-05:00,37.22999954223633,37.22999954223633,37.23099899291992,37.22999954223633,37.23099899291992,558.0
2022-02-09 12:31:00-05:00,,,,,,
2022-02-09 12:32:00-05:00,37.22999954223633,37.22999954223633,37.22999954223633,37.22999954223633,37.22999954223633,101.0
2022-02-09 12:33:00-05:00,37.2400016784668,37.2400016784668,37.2400016784668,37.2400016784668,37.2400016784668,105.0
2022-02-09 12:34:00-05:00,37.2599983215332,37.2599983215332,37.2599983215332,37.220001220703125,37.22999954223633,1167.0
2022-02-09 12:35:00-05:00,37.2599983215332,37.2599983215332,37.2599983215332,37.2599983215332,37.2599983215332,343.0
2022-02-09 12:36:00-05:00,,,,,,
2022-02-09 12:37:00-05:00,37.290000915527344,37.290000915527344,37.290000915527344,37.290000915527344,37.290000915527344,253.0
2022-02-09 12:38:00-05:00,37.279998779296875,37.279998779296875,37.279998779296875,37.279998779296875,37.279998779296875,102.0
2022-02-09 12:39:00-05:00,37.310001373291016,37.310001373291016,37.310001373291016,37.310001373291016,37.310001373291016,182.0
2022-02-09 12:40:00-05:00,37.310001373291016,37.310001373291016,37.310001373291016,37.2599983215332,37.279998779296875,2543.0
2022-02-09 12:41:00-05:00,37.255001068115234,37.255001068115234,37.27000045776367,37.2400016784668,37.27000045776367,913.0
2022-02-09 12:42:00-05:00,37.255001068115234,37.255001068115234,37.255001068115234,37.2400016784668,37.2400016784668,490.0
2022-02-09 12:43:00-05:00,37.279998779296875,37.279998779296875,37.279998779296875,37.27000045776367,37.27000045776367,750.0
2022-02-09 12:44:00-05:00,,,,,,
2022-02-09 12:45:00-05:00,,,,,,
2022-02-09 12:46:00-05:00,37.2599983215332,37.2599983215332,37.27000045776367,37.2599983215332,37.27000045776367,1671.0
2022-02-09 12:47:00-05:00,37.29999923706055,37.29999923706055,37.29999923706055,37.279998779296875,37.279998779296875,681.0
2022-02-09 12:48:00-05:00,,,,,,
2022-02-09 12:49:00-05:00,,,,,,
2022-02-09 12:50:00-05:00,37.310001373291016,37.310001373291016,37.310001373291016,37.310001373291016,37.310001373291016,155.0
2022-02-09 12:51:00-05:00,37.290000915527344,37.290000915527344,37.29999923706055,37.2599983215332,37.279998779296875,3374.0
2022-02-09 12:52:00-05:00,,,,,,
2022-02-09 12:53:00-05:00,,,,,,
2022-02-09 12:54:00-05:00,37.290000915527344,37.290000915527344,37.33000183105469,37.290000915527344,37.31999969482422,802.0
2022-02-09 12:55:00-05:00,37.279998779296875,37.279998779296875,37.279998779296875,37.27000045776367,37.27000045776367,1208.0
2022-02-09 12:56:00-05:00,37.27000045776367,37.27000045776367,37.27000045776367,37.27000045776367,37.27000045776367,219.0
2022-02-09 12:57:00-05:00,37.2599983215332,37.2599983215332,37.2599983215332,37.2599983215332,37.2599983215332,489.0
2022-02-09 12:58:00-05:00,,,,,,
2022-02-09 12:59:00-05:00,37.279998779296875,37.279998779296875,37.290000915527344,37.279998779296875,37.290000915527344,522.0
2022-02-09 13:00:00-05:00,,,,,,
2022-02-09 13:01:00-05:00,,,,,,
2022-02-09 13:02:00-05:00,37.27000045776367,37.27000045776367,37.27000045776367,37.27000045776367,37.27000045776367,704.0
2022-02-09 13:03:00-05:00,37.27000045776367,37.27000045776367,37.28499984741211,37.27000045776367,37.27000045776367,350.0
2022-02-09 13:04:00-05:00,37.279998779296875,37.279998779296875,37.279998779296875,37.279998779296875,37.279998779296875,152.0
2022-02-09 13:05:00-05:00,,,,,,
2022-02-09 13:06:00-05:00,37.290000915527344,37.290000915527344,37.290000915527344,37.290000915527344,37.290000915527344,405.0
2022-02-09 13:07:00-05:00,37.29999923706055,37.29999923706055,37.29999923706055,37.290000915527344,37.29999923706055,1072.0
2022-02-09 13:08:00-05:00,37.310001373291016,37.310001373291016,37.310001373291016,37.310001373291016,37.310001373291016,369.0
2022-02-09 13:09:00-05:00,37.279998779296875,37.279998779296875,37.29999923706055,37.279998779296875,37.29999923706055,417.0
2022-02-09 13:10:00-05:00,,,,,,
2022-02-09 13:11:00-05:00,,,,,,
2022-02-09 13:12:00-05:00,,,,,,
2022-02-09 13:13:00-05:00,,,,,,
2022-02-09 13:14:00-05:00,37.279998779296875,37.279998779296875,37.279998779296875,37.26499938964844,37.27000045776367,1206.0
2022-02-09 13:15:00-05:00,37.29999923706055,37.29999923706055,37.29999923706055,37.29999923706055,37.29999923706055,250.0
2022-02-09 13:16:00-05:00,37.310001373291016,37.310001373291016,37.310001373291016,37.310001373291016,37.310001373291016,134.0
2022-02-09 13:17:00-05:00,37.31999969482422,37.31999969482422,37.31999969482422,37.310001373291016,37.310001373291016,917.0
2022-02-09 13:18:00-05:00,37.29999923706055,37.29999923706055,37.310001373291016,37.29999923706055,37.310001373291016,443.0
2022-02-09 13:19:00-05:00,,,,,,
2022-02-09 13:20:00-05:00,37.31999969482422,37.31999969482422,37.31999969482422,37.31999969482422,37.31999969482422,852.0
2022-02-09 13:21:00-05:00,,,,,,
2022-02-09 13:22:00-05:00,37.27000045776367,37.27000045776367,37.29999923706055,37.27000045776367,37.29999923706055,675.0
2022-02-09 13:23:00-05:00,37.290000915527344,37.290000915527344,37.290000915527344,37.290000915527344,37.290000915527344,111.0
2022-02-09 13:24:00-05:00,,,,,,
2022-02-09 13:25:00-05:00,37.28499984741211,37.28499984741211,37.28499984741211,37.28499984741211,37.28499984741211,174.0
2022-02-09 13:26:00-05:00,37.27000045776367,37.27000045776367,37.27000045776367,37.27000045776367,37.27000045776367,130.0
2022-02-09 13:27:00-05:00,37.310001373291016,37.310001373291016,37.310001373291016,37.29999923706055,37.29999923706055,433.0
2022-02-09 13:28:00-05:00,,,,,,
2022-02-09 13:29:00-05:00,37.34000015258789,37.34000015258789,37.34000015258789,37.33000183105469,37.33000183105469,945.0
2022-02-09 13:30:00-05:00,37.380001068115234,37.380001068115234,37.380001068115234,37.380001068115234,37.380001068115234,412.0
2022-02-09 13:31:00-05:00,,,,,,
2022-02-09 13:32:00-05:00,37.38999938964844,37.38999938964844,37.38999938964844,37.38999938964844,37.38999938964844,369.0
2022-02-09 13:33:00-05:00,,,,,,
2022-02-09 13:34:00-05:00,37.459999084472656,37.459999084472656,37.459999084472656,37.40999984741211,37.40999984741211,2094.0
2022-02-09 13:35:00-05:00,37.45000076293945,37.45000076293945,37.45000076293945,37.41999816894531,37.43000030517578,2197.0
2022-02-09 13:36:00-05:00,37.459999084472656,37.459999084472656,37.459999084472656,37.459999084472656,37.459999084472656,182.0
2022-02-09 13:37:00-05:00,37.45000076293945,37.45000076293945,37.45000076293945,37.45000076293945,37.45000076293945,429.0
2022-02-09 13:38:00-05:00,,,,,,
2022-02-09 13:39:00-05:00,37.47999954223633,37.47999954223633,37.494998931884766,37.47999954223633,37.494998931884766,548.0
2022-02-09 13:40:00-05:00,,,,,,
2022-02-09 13:41:00-05:00,,,,,,
2022-02-09 13:42:00-05:00,,,,,,
2022-02-09 13:43:00-05:00,,,,,,
2022-02-09 13:44:00-05:00,37.5099983215332,37.5099983215332,37.5099983215332,37.4900016784668,37.4900016784668,880.0
2022-02-09 13:45:00-05:00,,,,,,
2022-02-09 13:46:00-05:00,,,,,,
2022-02-09 13:47:00-05:00,,,,,,
2022-02-09 13:48:00-05:00,37.48099899291992,37.48099899291992,37.48099899291992,37.48099899291992,37.48099899291992,315.0
2022-02-09 13:49:00-05:00,,,,,,
2022-02-09 13:50:00-05:00,37.45100021362305,37.45100021362305,37.45100021362305,37.45100021362305,37.45100021362305,318.0
2022-02-09 13:51:00-05:00,37.470001220703125,37.470001220703125,37.47999954223633,37.470001220703125,37.47999954223633,704.0
2022-02-09 13:52:00-05:00,37.4900016784668,37.4900016784668,37.4900016784668,37.4900016784668,37.4900016784668,149.0
2022-02-09 13:53:00-05:00,37.491798400878906,37.491798400878906,37.491798400878906,37.491798400878906,37.491798400878906,1012.0
2022-02-09 13:54:00-05:00,37.47999954223633,37.47999954223633,37.4900016784668,37.47999954223633,37.4900016784668,446.0
2022-02-09 13:55:00-05:00,,,,,,
2022-02-09 13:56:00-05:00,37.459999084472656,37.459999084472656,37.459999084472656,37.45000076293945,37.45000076293945,201.0
2022-02-09 13:57:00-05:00,37.470001220703125,37.470001220703125,37.470001220703125,37.470001220703125,37.470001220703125,239.0
2022-02-09 13:58:00-05:00,,,,,,
2022-02-09 13:59:00-05:00,37.45000076293945,37.45000076293945,37.45000076293945,37.45000076293945,37.45000076293945,210.0
2022-02-09 14:00:00-05:00,37.43000030517578,37.43000030517578,37.43000030517578,37.43000030517578,37.43000030517578,153.0
2022-02-09 14:01:00-05:00,,,,,,
2022-02-09 14:02:00-05:00,37.38999938964844,37.38999938964844,37.38999938964844,37.38999938964844,37.38999938964844,100.0
2022-02-09 14:03:00-05:00,37.369998931884766,37.369998931884766,37.369998931884766,37.369998931884766,37.369998931884766,341.0
2022-02-09 14:04:00-05:00,37.43000030517578,37.43000030517578,37.43000030517578,37.369998931884766,37.369998931884766,1661.0
2022-02-09 14:05:00-05:00,37.40999984741211,37.40999984741211,37.40999984741211,37.40999984741211,37.40999984741211,220.0
2022-02-09 14:06:00-05:00,37.43000030517578,37.43000030517578,37.43000030517578,37.43000030517578,37.43000030517578,604.0
2022-02-09 14:07:00-05:00,,,,,,
2022-02-09 14:08:00-05:00,37.40999984741211,37.40999984741211,37.40999984741211,37.40999984741211,37.40999984741211,532.0
2022-02-09 14:09:00-05:00,,,,,,
2022-02-09 14:10:00-05:00,,,,,,
2022-02-09 14:11:00-05:00,,,,,,
2022-02-09 14:12:00-05:00,,,,,,
2022-02-09 14:13:00-05:00,,,,,,
2022-02-09 14:14:00-05:00,37.41999816894531,37.41999816894531,37.41999816894531,37.41999816894531,37.41999816894531,291.0
2022-02-09 14:15:00-05:00,37.40999984741211,37.40999984741211,37.43000030517578,37.40999984741211,37.43000030517578,749.0
2022-02-09 14:16:00-05:00,37.40999984741211,37.40999984741211,37.40999984741211,37.40999984741211,37.40999984741211,129.0
2022-02-09 14:17:00-05:00,37.41999816894531,37.41999816894531,37.41999816894531,37.41999816894531,37.41999816894531,334.0
2022-02-09 14:18:00-05:00,37.43000030517578,37.43000030517578,37.43000030517578,37.43000030517578,37.43000030517578,235.0
2022-02-09 14:19:00-05:00,37.43000030517578,37.43000030517578,37.439998626708984,37.43000030517578,37.439998626708984,515.0
2022-02-09 14:20:00-05:00,37.41999816894531,37.41999816894531,37.41999816894531,37.41999816894531,37.41999816894531,267.0
2022-02-09 14:21:00-05:00,37.40999984741211,37.40999984741211,37.42499923706055,37.40999984741211,37.42499923706055,202.0
2022-02-09 14:22:00-05:00,37.40999984741211,37.40999984741211,37.40999984741211,37.40999984741211,37.40999984741211,135.0
2022-02-09 14:23:00-05:00,,,,,,
2022-02-09 14:24:00-05:00,,,,,,
2022-02-09 14:25:00-05:00,37.380001068115234,37.380001068115234,37.380001068115234,37.380001068115234,37.380001068115234,1007.0
2022-02-09 14:26:00-05:00,,,,,,
2022-02-09 14:27:00-05:00,37.400001525878906,37.400001525878906,37.400001525878906,37.400001525878906,37.400001525878906,126.0
2022-02-09 14:28:00-05:00,,,,,,
2022-02-09 14:29:00-05:00,37.36000061035156,37.36000061035156,37.39500045776367,37.36000061035156,37.39500045776367,1024.0
2022-02-09 14:30:00-05:00,,,,,,
2022-02-09 14:31:00-05:00,,,,,,
2022-02-09 14:32:00-05:00,37.36000061035156,37.36000061035156,37.380001068115234,37.36000061035156,37.380001068115234,365.0
2022-02-09 14:33:00-05:00,37.3849983215332,37.3849983215332,37.3849983215332,37.3849983215332,37.3849983215332,105.0
2022-02-09 14:34:00-05:00,37.369998931884766,37.369998931884766,37.369998931884766,37.369998931884766,37.369998931884766,306.0
2022-02-09 14:35:00-05:00,,,,,,
2022-02-09 14:36:00-05:00,37.369998931884766,37.369998931884766,37.369998931884766,37.369998931884766,37.369998931884766,284.0
2022-02-09 14:37:00-05:00,,,,,,
2022-02-09 14:38:00-05:00,,,,,,
2022-02-09 14:39:00-05:00,37.349998474121094,37.349998474121094,37.36000061035156,37.349998474121094,37.36000061035156,775.0
2022-02-09 14:40:00-05:00,,,,,,
2022-02-09 14:41:00-05:00,37.36000061035156,37.36000061035156,37.380001068115234,37.36000061035156,37.380001068115234,1061.0
2022-02-09 14:42:00-05:00,,,,,,
2022-02-09 14:43:00-05:00,37.349998474121094,37.349998474121094,37.349998474121094,37.349998474121094,37.349998474121094,337.0
2022-02-09 14:44:00-05:00,37.39619827270508,37.39619827270508,37.400001525878906,37.34000015258789,37.3468017578125,4713.0
2022-02-09 14:45:00-05:00,37.380001068115234,37.380001068115234,37.380001068115234,37.380001068115234,37.380001068115234,768.0
2022-02-09 14:46:00-05:00,,,,,,
2022-02-09 14:47:00-05:00,37.40999984741211,37.40999984741211,37.40999984741211,37.40999984741211,37.40999984741211,1312.0
2022-02-09 14:48:00-05:00,37.400001525878906,37.400001525878906,37.41999816894531,37.400001525878906,37.41999816894531,1710.0
2022-02-09 14:49:00-05:00,37.43000030517578,37.43000030517578,37.43000030517578,37.43000030517578,37.43000030517578,222.0
2022-02-09 14:50:00-05:00,37.45000076293945,37.45000076293945,37.45000076293945,37.43000030517578,37.43000030517578,1244.0
2022-02-09 14:51:00-05:00,37.470001220703125,37.470001220703125,37.470001220703125,37.470001220703125,37.470001220703125,349.0
2022-02-09 14:52:00-05:00,37.470001220703125,37.470001220703125,37.4900016784668,37.470001220703125,37.470001220703125,1097.0
2022-02-09 14:53:00-05:00,37.5099983215332,37.5099983215332,37.5099983215332,37.41999816894531,37.41999816894531,1205.0
2022-02-09 14:54:00-05:00,37.5,37.5,37.5,37.47999954223633,37.47999954223633,364.0
2022-02-09 14:55:00-05:00,37.47999954223633,37.47999954223633,37.47999954223633,37.470001220703125,37.470001220703125,200.0
2022-02-09 14:56:00-05:00,37.4900016784668,37.4900016784668,37.56999969482422,37.450401306152344,37.4900016784668,7149.0
2022-02-09 14:57:00-05:00,,,,,,
2022-02-09 14:58:00-05:00,37.459999084472656,37.459999084472656,37.470001220703125,37.459999084472656,37.470001220703125,496.0
2022-02-09 14:59:00-05:00,37.459999084472656,37.459999084472656,37.470001220703125,37.459999084472656,37.470001220703125,1632.0
2022-02-09 15:00:00-05:00,,,,,,
2022-02-09 15:01:00-05:00,37.529998779296875,37.529998779296875,37.540000915527344,37.529998779296875,37.529998779296875,1171.0
2022-02-09 15:02:00-05:00,37.459999084472656,37.459999084472656,37.560001373291016,37.439998626708984,37.540000915527344,1538.0
2022-02-09 15:03:00-05:00,37.47999954223633,37.47999954223633,37.47999954223633,37.47999954223633,37.47999954223633,191.0
2022-02-09 15:04:00-05:00,37.494998931884766,37.494998931884766,37.494998931884766,37.494998931884766,37.494998931884766,409.0
2022-02-09 15:05:00-05:00,37.47999954223633,37.47999954223633,37.5,37.47999954223633,37.5,826.0
2022-02-09 15:06:00-05:00,37.5,37.5,37.5,37.470001220703125,37.47100067138672,541.0
2022-02-09 15:07:00-05:00,37.494998931884766,37.494998931884766,37.5099983215332,37.494998931884766,37.5099983215332,872.0
2022-02-09 15:08:00-05:00,37.505001068115234,37.505001068115234,37.505001068115234,37.4900016784668,37.5,1019.0
2022-02-09 15:09:00-05:00,37.47999954223633,37.47999954223633,37.51499938964844,37.47999954223633,37.5,1442.0
2022-02-09 15:10:00-05:00,37.52000045776367,37.52000045776367,37.52000045776367,37.5,37.5,874.0
2022-02-09 15:11:00-05:00,37.55500030517578,37.55500030517578,37.55500030517578,37.55500030517578,37.55500030517578,104.0
2022-02-09 15:12:00-05:00,37.560001373291016,37.560001373291016,37.560001373291016,37.529998779296875,37.529998779296875,560.0
2022-02-09 15:13:00-05:00,37.529998779296875,37.529998779296875,37.54499816894531,37.529998779296875,37.54499816894531,901.0
2022-02-09 15:14:00-05:00,37.52000045776367,37.52000045776367,37.52000045776367,37.52000045776367,37.52000045776367,806.0
2022-02-09 15:15:00-05:00,37.51499938964844,37.51499938964844,37.51499938964844,37.5099983215332,37.5099983215332,202.0
2022-02-09 15:16:00-05:00,37.51499938964844,37.51499938964844,37.51499938964844,37.51499938964844,37.51499938964844,247.0
2022-02-09 15:17:00-05:00,37.5099983215332,37.5099983215332,37.5099983215332,37.4900016784668,37.500999450683594,1794.0
2022-02-09 15:18:00-05:00,,,,,,
2022-02-09 15:19:00-05:00,37.525001525878906,37.525001525878906,37.529998779296875,37.52000045776367,37.529998779296875,1107.0
2022-02-09 15:20:00-05:00,37.4900016784668,37.4900016784668,37.525001525878906,37.4900016784668,37.525001525878906,2800.0
2022-02-09 15:21:00-05:00,,,,,,
2022-02-09 15:22:00-05:00,37.5099983215332,37.5099983215332,37.525001525878906,37.4900016784668,37.525001525878906,1876.0
2022-02-09 15:23:00-05:00,37.52000045776367,37.52000045776367,37.52000045776367,37.51499938964844,37.51499938964844,660.0
2022-02-09 15:24:00-05:00,37.51499938964844,37.51499938964844,37.51499938964844,37.51499938964844,37.51499938964844,378.0
2022-02-09 15:25:00-05:00,37.47100067138672,37.47100067138672,37.529998779296875,37.47100067138672,37.529998779296875,1355.0
2022-02-09 15:26:00-05:00,37.5099983215332,37.5099983215332,37.5099983215332,37.494998931884766,37.494998931884766,210.0
2022-02-09 15:27:00-05:00,37.5099983215332,37.5099983215332,37.52000045776367,37.5,37.5,1173.0
2022-02-09 15:28:00-05:00,37.5,37.5,37.52000045776367,37.5,37.5099983215332,1753.0
2022-02-09 15:29:00-05:00,37.52000045776367,37.52000045776367,37.529998779296875,37.5,37.51499938964844,879.0
2022-02-09 15:30:00-05:00,37.5,37.5,37.5099983215332,37.5,37.5099983215332,550.0
2022-02-09 15:31:00-05:00,37.41999816894531,37.41999816894531,37.470001220703125,37.41999816894531,37.470001220703125,1232.0
2022-02-09 15:32:00-05:00,37.45000076293945,37.45000076293945,37.45000076293945,37.45000076293945,37.45000076293945,206.0
2022-02-09 15:33:00-05:00,37.459999084472656,37.459999084472656,37.470001220703125,37.441001892089844,37.441001892089844,889.0
2022-02-09 15:34:00-05:00,37.47999954223633,37.47999954223633,37.47999954223633,37.45500183105469,37.45500183105469,4707.0
2022-02-09 15:35:00-05:00,37.47999954223633,37.47999954223633,37.47999954223633,37.470001220703125,37.474998474121094,739.0
2022-02-09 15:36:00-05:00,37.47999954223633,37.47999954223633,37.47999954223633,37.47999954223633,37.47999954223633,345.0
2022-02-09 15:37:00-05:00,37.47999954223633,37.47999954223633,37.5,37.47999954223633,37.5,4135.0
2022-02-09 15:38:00-05:00,37.47249984741211,37.47249984741211,37.4900016784668,37.459999084472656,37.47999954223633,2850.0
2022-02-09 15:39:00-05:00,37.470001220703125,37.470001220703125,37.47999954223633,37.470001220703125,37.47999954223633,686.0
2022-02-09 15:40:00-05:00,37.45249938964844,37.45249938964844,37.47999954223633,37.441001892089844,37.47999954223633,3166.0
2022-02-09 15:41:00-05:00,37.412498474121094,37.412498474121094,37.45500183105469,37.400001525878906,37.45000076293945,1872.0
2022-02-09 15:42:00-05:00,37.415000915527344,37.415000915527344,37.415000915527344,37.415000915527344,37.415000915527344,103.0
2022-02-09 15:43:00-05:00,37.40999984741211,37.40999984741211,37.40999984741211,37.38999938964844,37.400001525878906,1635.0
2022-02-09 15:44:00-05:00,37.40999984741211,37.40999984741211,37.40999984741211,37.40999984741211,37.40999984741211,197.0
2022-02-09 15:45:00-05:00,37.45000076293945,37.45000076293945,37.45000076293945,37.41999816894531,37.41999816894531,847.0
2022-02-09 15:46:00-05:00,37.459999084472656,37.459999084472656,37.459999084472656,37.43000030517578,37.43000030517578,1024.0
2022-02-09 15:47:00-05:00,37.43000030517578,37.43000030517578,37.43000030517578,37.404998779296875,37.404998779296875,300.0
2022-02-09 15:48:00-05:00,37.4109992980957,37.4109992980957,37.439998626708984,37.4109992980957,37.439998626708984,887.0
2022-02-09 15:49:00-05:00,37.38999938964844,37.38999938964844,37.40999984741211,37.38999938964844,37.40999984741211,1861.0
2022-02-09 15:50:00-05:00,37.31999969482422,37.31999969482422,37.40999984741211,37.31999969482422,37.400001525878906,1340.0
2022-02-09 15:51:00-05:00,37.31100082397461,37.31100082397461,37.33000183105469,37.310001373291016,37.310001373291016,1082.0
2022-02-09 15:52:00-05:00,37.33000183105469,37.33000183105469,37.34000015258789,37.33000183105469,37.33000183105469,911.0
2022-02-09 15:53:00-05:00,37.380001068115234,37.380001068115234,37.400001525878906,37.33000183105469,37.34000015258789,1847.0
2022-02-09 15:54:00-05:00,37.345001220703125,37.345001220703125,37.38999938964844,37.345001220703125,37.38999938964844,2982.0
2022-02-09 15:55:00-05:00,37.380001068115234,37.380001068115234,37.38999938964844,37.349998474121094,37.380001068115234,3672.0
2022-02-09 15:56:00-05:00,37.40999984741211,37.40999984741211,37.40999984741211,37.380001068115234,37.38999938964844,4050.0
2022-02-09 15:57:00-05:00,37.40999984741211,37.40999984741211,37.40999984741211,37.400001525878906,37.400001525878906,2742.0
2022-02-09 15:58:00-05:00,37.400001525878906,37.400001525878906,37.40999984741211,37.38999938964844,37.40999984741211,4247.0
2022-02-09 15:59:00-05:00,37.41999816894531,37.41999816894531,37.45000076293945,37.400001525878906,37.400001525878906,7256.0
2022-02-10 09:30:00-05:00,37.380001068115234,37.380001068115234,37.40999984741211,37.380001068115234,37.40999984741211,2154.0
2022-02-10 09:31:00-05:00,,,,,,
2022-02-10 09:32:00-05:00,,,,,,
2022-02-10 09:33:00-05:00,,,,,,
2022-02-10 09:34:00-05:00,37.4833984375,37.4833984375,37.4833984375,37.4833984375,37.4833984375,517.0
2022-02-10 09:35:00-05:00,,,,,,
2022-02-10 09:36:00-05:00,,,,,,
2022-02-10 09:37:00-05:00,37.56999969482422,37.56999969482422,37.6349983215332,37.56999969482422,37.6349983215332,1261.0
2022-02-10 09:38:00-05:00,,,,,,
2022-02-10 09:39:00-05:00,,,,,,
2022-02-10 09:40:00-05:00,37.68000030517578,37.68000030517578,37.68000030517578,37.68000030517578,37.68000030517578,188.0
2022-02-10 09:41:00-05:00,37.67499923706055,37.67499923706055,37.67499923706055,37.66999816894531,37.66999816894531,1090.0
2022-02-10 09:42:00-05:00,37.709999084472656,37.709999084472656,37.709999084472656,37.709999084472656,37.709999084472656,100.0
2022-02-10 09:43:00-05:00,37.68000030517578,37.68000030517578,37.68000030517578,37.68000030517578,37.68000030517578,229.0
2022-02-10 09:44:00-05:00,37.720001220703125,37.720001220703125,37.720001220703125,37.709999084472656,37.709999084472656,1442.0
2022-02-10 09:45:00-05:00,37.77000045776367,37.77000045776367,37.77000045776367,37.77000045776367,37.77000045776367,139.0
2022-02-10 09:46:00-05:00,37.77000045776367,37.77000045776367,37.77000045776367,37.75,37.75,610.0
2022-02-10 09:47:00-05:00,37.68000030517578,37.68000030517578,37.720001220703125,37.68000030517578,37.720001220703125,1275.0
2022-02-10 09:48:00-05:00,37.57500076293945,37.57500076293945,37.57500076293945,37.57500076293945,37.57500076293945,314.0
2022-02-10 09:49:00-05:00,37.52000045776367,37.52000045776367,37.560001373291016,37.52000045776367,37.52000045776367,1616.0
2022-02-10 09:50:00-05:00,37.52000045776367,37.52000045776367,37.52000045776367,37.52000045776367,37.52000045776367,591.0
2022-02-10 09:51:00-05:00,37.5,37.5,37.540000915527344,37.5,37.540000915527344,279.0
2022-02-10 09:52:00-05:00,37.40999984741211,37.40999984741211,37.47999954223633,37.38999938964844,37.400001525878906,1219.0
2022-02-10 09:53:00-05:00,37.302799224853516,37.302799224853516,37.302799224853516,37.29999923706055,37.29999923706055,441.0
2022-02-10 09:54:00-05:00,37.2599983215332,37.2599983215332,37.2599983215332,37.2599983215332,37.2599983215332,269.0
2022-02-10 09:55:00-05:00,37.220001220703125,37.220001220703125,37.220001220703125,37.209999084472656,37.209999084472656,380.0
2022-02-10 09:56:00-05:00,37.38999938964844,37.38999938964844,37.38999938964844,37.380001068115234,37.380001068115234,200.0
2022-02-10 09:57:00-05:00,37.380001068115234,37.380001068115234,37.380001068115234,37.380001068115234,37.380001068115234,1050.0
2022-02-10 09:58:00-05:00,37.400001525878906,37.400001525878906,37.400001525878906,37.38999938964844,37.400001525878906,375.0
2022-02-10 09:59:00-05:00,37.41999816894531,37.41999816894531,37.470001220703125,37.369998931884766,37.470001220703125,982.0
2022-02-10 10:00:00-05:00,37.41999816894531,37.41999816894531,37.43000030517578,37.41999816894531,37.43000030517578,401.0
2022-02-10 10:01:00-05:00,,,,,,
2022-02-10 10:02:00-05:00,37.5,37.5,37.5,37.499000549316406,37.499000549316406,279.0
2022-02-10 10:03:00-05:00,,,,,,
2022-02-10 10:04:00-05:00,37.38999938964844,37.38999938964844,37.38999938964844,37.38999938964844,37.38999938964844,115.0
2022-02-10 10:05:00-05:00,37.439998626708984,37.439998626708984,37.439998626708984,37.439998626708984,37.439998626708984,175.0
2022-02-10 10:06:00-05:00,,,,,,
2022-02-10 10:07:00-05:00,37.5099983215332,37.5099983215332,37.54999923706055,37.5099983215332,37.54999923706055,557.0
2022-02-10 10:08:00-05:00,,,,,,
2022-02-10 10:09:00-05:00,37.560001373291016,37.560001373291016,37.560001373291016,37.560001373291016,37.560001373291016,279.0
2022-02-10 10:10:00-05:00,,,,,,
2022-02-10 10:11:00-05:00,37.75,37.75,37.75,37.70000076293945,37.70000076293945,881.0
2022-02-10 10:12:00-05:00,,,,,,
2022-02-10 10:13:00-05:00,,,,,,
2022-02-10 10:14:00-05:00,37.7400016784668,37.7400016784668,37.7400016784668,37.720001220703125,37.720001220703125,553.0
2022-02-10 10:15:00-05:00,37.709999084472656,37.709999084472656,37.709999084472656,37.709999084472656,37.709999084472656,322.0
2022-02-10 10:16:00-05:00,37.779998779296875,37.779998779296875,37.779998779296875,37.779998779296875,37.779998779296875,139.0
2022-02-10 10:17:00-05:00,37.76499938964844,37.76499938964844,37.76499938964844,37.76499938964844,37.76499938964844,120.0
2022-02-10 10:18:00-05:00,37.790000915527344,37.790000915527344,37.790000915527344,37.790000915527344,37.790000915527344,792.0
2022-02-10 10:19:00-05:00,,,,,,
2022-02-10 10:20:00-05:00,37.779998779296875,37.779998779296875,37.779998779296875,37.779998779296875,37.779998779296875,139.0
2022-02-10 10:21:00-05:00,37.790000915527344,37.790000915527344,37.790000915527344,37.790000915527344,37.790000915527344,951.0
2022-02-10 10:22:00-05:00,,,,,,
2022-02-10 10:23:00-05:00,37.880001068115234,37.880001068115234,37.880001068115234,37.849998474121094,37.86000061035156,487.0
2022-02-10 10:24:00-05:00,,,,,,
2022-02-10 10:25:00-05:00,,,,,,
2022-02-10 10:26:00-05:00,,,,,,
2022-02-10 10:27:00-05:00,,,,,,
2022-02-10 10:28:00-05:00,,,,,,
2022-02-10 10:29:00-05:00,37.779998779296875,37.779998779296875,37.779998779296875,37.779998779296875,37.779998779296875,325.0
2022-02-10 10:30:00-05:00,37.79999923706055,37.79999923706055,37.79999923706055,37.79999923706055,37.79999923706055,169.0
2022-02-10 10:31:00-05:00,37.755001068115234,37.755001068115234,37.755001068115234,37.755001068115234,37.755001068115234,499.0
2022-02-10 10:32:00-05:00,,,,,,
2022-02-10 10:33:00-05:00,,,,,,
2022-02-10 10:34:00-05:00,37.72999954223633,37.72999954223633,37.72999954223633,37.72999954223633,37.72999954223633,305.0
2022-02-10 10:35:00-05:00,37.72999954223633,37.72999954223633,37.72999954223633,37.720001220703125,37.720001220703125,373.0
2022-02-10 10:36:00-05:00,37.77000045776367,37.77000045776367,37.77000045776367,37.7599983215332,37.7599983215332,534.0
2022-02-10 10:37:00-05:00,37.81999969482422,37.81999969482422,37.81999969482422,37.79999923706055,37.79999923706055,525.0
2022-02-10 10:38:00-05:00,,,,,,
2022-02-10 10:39:00-05:00,37.81999969482422,37.81999969482422,37.81999969482422,37.81999969482422,37.81999969482422,237.0
2022-02-10 10:40:00-05:00,37.790000915527344,37.790000915527344,37.790000915527344,37.790000915527344,37.790000915527344,340.0
2022-02-10 10:41:00-05:00,37.72999954223633,37.72999954223633,37.72999954223633,37.72999954223633,37.72999954223633,105.0
2022-02-10 10:42:00-05:00,,,,,,
2022-02-10 10:43:00-05:00,37.6609992980957,37.6609992980957,37.70000076293945,37.6609992980957,37.70000076293945,300.0
2022-02-10 10:44:00-05:00,,,,,,
2022-02-10 10:45:00-05:00,37.63999938964844,37.63999938964844,37.650001525878906,37.63999938964844,37.650001525878906,424.0
2022-02-10 10:46:00-05:00,37.58000183105469,37.58000183105469,37.58000183105469,37.56999969482422,37.56999969482422,1454.0
2022-02-10 10:47:00-05:00,37.54999923706055,37.54999923706055,37.54999923706055,37.54999923706055,37.54999923706055,456.0
2022-02-10 10:48:00-05:00,,,,,,
2022-02-10 10:49:00-05:00,,,,,,
2022-02-10 10:50:00-05:00,37.5,37.5,37.61000061035156,37.5,37.599998474121094,696.0
2022-02-10 10:51:00-05:00,,,,,,
2022-02-10 10:52:00-05:00,,,,,,
2022-02-10 10:53:00-05:00,37.43000030517578,37.43000030517578,37.47999954223633,37.40999984741211,37.470001220703125,1349.0
2022-02-10 10:54:00-05:00,37.47999954223633,37.47999954223633,37.52000045776367,37.459999084472656,37.52000045776367,948.0
2022-02-10 10:55:00-05:00,37.5099983215332,37.5099983215332,37.52000045776367,37.47999954223633,37.52000045776367,961.0
2022-02-10 10:56:00-05:00,37.525001525878906,37.525001525878906,37.525001525878906,37.5,37.5099983215332,630.0
2022-02-10 10:57:00-05:00,,,,,,
2022-02-10 10:58:00-05:00,37.525001525878906,37.525001525878906,37.525001525878906,37.525001525878906,37.525001525878906,104.0
2022-02-10 10:59:00-05:00,37.529998779296875,37.529998779296875,37.529998779296875,37.529998779296875,37.529998779296875,600.0
2022-02-10 11:00:00-05:00,37.525001525878906,37.525001525878906,37.525001525878906,37.470001220703125,37.52000045776367,1655.0
2022-02-10 11:01:00-05:00,37.57500076293945,37.57500076293945,37.57500076293945,37.560001373291016,37.560001373291016,7669.0
2022-02-10 11:02:00-05:00,37.565799713134766,37.565799713134766,37.565799713134766,37.565799713134766,37.565799713134766,150.0
2022-02-10 11:03:00-05:00,37.650001525878906,37.650001525878906,37.650001525878906,37.58000183105469,37.58000183105469,2284.0
2022-02-10 11:04:00-05:00,37.61000061035156,37.61000061035156,37.625,37.599998474121094,37.625,535.0
2022-02-10 11:05:00-05:00,37.68000030517578,37.68000030517578,37.68000030517578,37.67499923706055,37.67499923706055,314.0
2022-02-10 11:06:00-05:00,,,,,,
2022-02-10 11:07:00-05:00,37.720001220703125,37.720001220703125,37.720001220703125,37.70000076293945,37.70000076293945,1042.0
2022-02-10 11:08:00-05:00,37.70000076293945,37.70000076293945,37.724998474121094,37.70000076293945,37.724998474121094,810.0
2022-02-10 11:09:00-05:00,37.720001220703125,37.720001220703125,37.7400016784668,37.70500183105469,37.70500183105469,1189.0
2022-02-10 11:10:00-05:00,37.66999816894531,37.66999816894531,37.66999816894531,37.66999816894531,37.66999816894531,159.0
2022-02-10 11:11:00-05:00,37.599998474121094,37.599998474121094,37.599998474121094,37.599998474121094,37.599998474121094,104.0
2022-02-10 11:12:00-05:00,37.58000183105469,37.58000183105469,37.59000015258789,37.56999969482422,37.59000015258789,1701.0
2022-02-10 11:13:00-05:00,,,,,,
2022-02-10 11:14:00-05:00,,,,,,
2022-02-10 11:15:00-05:00,37.540000915527344,37.540000915527344,37.58000183105469,37.540000915527344,37.58000183105469,442.0
2022-02-10 11:16:00-05:00,,,,,,
2022-02-10 11:17:00-05:00,37.599998474121094,37.599998474121094,37.625,37.58000183105469,37.59000015258789,1259.0
2022-02-10 11:18:00-05:00,37.58000183105469,37.58000183105469,37.584999084472656,37.560001373291016,37.584999084472656,760.0
2022-02-10 11:19:00-05:00,37.65999984741211,37.65999984741211,37.65999984741211,37.599998474121094,37.599998474121094,1623.0
2022-02-10 11:20:00-05:00,37.650001525878906,37.650001525878906,37.650001525878906,37.630001068115234,37.650001525878906,976.0
2022-02-10 11:21:00-05:00,37.619998931884766,37.619998931884766,37.630001068115234,37.599998474121094,37.630001068115234,533.0
2022-02-10 11:22:00-05:00,,,,,,
2022-02-10 11:23:00-05:00,,,,,,
2022-02-10 11:24:00-05:00,37.63999938964844,37.63999938964844,37.709999084472656,37.63999938964844,37.66999816894531,1094.0
2022-02-10 11:25:00-05:00,37.619998931884766,37.619998931884766,37.654998779296875,37.619998931884766,37.619998931884766,2059.0
2022-02-10 11:26:00-05:00,37.68000030517578,37.68000030517578,37.68000030517578,37.68000030517578,37.68000030517578,427.0
2022-02-10 11:27:00-05:00,37.6349983215332,37.6349983215332,37.63999938964844,37.61000061035156,37.63999938964844,776.0
2022-02-10 11:28:00-05:00,,,,,,
2022-02-10 11:29:00-05:00,,,,,,
2022-02-10 11:30:00-05:00,37.65999984741211,37.65999984741211,37.65999984741211,37.65999984741211,37.65999984741211,528.0
2022-02-10 11:31:00-05:00,,,,,,
2022-02-10 11:32:00-05:00,37.689998626708984,37.689998626708984,37.689998626708984,37.689998626708984,37.689998626708984,101.0
2022-02-10 11:33:00-05:00,37.709999084472656,37.709999084472656,37.72999954223633,37.709999084472656,37.72999954223633,1210.0
2022-02-10 11:34:00-05:00,37.720001220703125,37.720001220703125,37.7400016784668,37.720001220703125,37.7400016784668,316.0
2022-02-10 11:35:00-05:00,37.75,37.75,37.75,37.70000076293945,37.70000076293945,2115.0
2022-02-10 11:36:00-05:00,,,,,,
2022-02-10 11:37:00-05:00,37.75,37.75,37.75,37.75,37.75,1846.0
2022-02-10 11:38:00-05:00,,,,,,
2022-02-10 11:39:00-05:00,,,,,,
2022-02-10 11:40:00-05:00,,,,,,
2022-02-10 11:41:00-05:00,37.810001373291016,37.810001373291016,37.81999969482422,37.810001373291016,37.81999969482422,512.0
2022-02-10 11:42:00-05:00,,,,,,
2022-02-10 11:43:00-05:00,37.81999969482422,37.81999969482422,37.81999969482422,37.81999969482422,37.81999969482422,232.0
2022-02-10 11:44:00-05:00,,,,,,
2022-02-10 11:45:00-05:00,37.7599983215332,37.7599983215332,37.7599983215332,37.7599983215332,37.7599983215332,216.0
2022-02-10 11:46:00-05:00,37.77000045776367,37.77000045776367,37.77000045776367,37.77000045776367,37.77000045776367,194.0
2022-02-10 11:47:00-05:00,,,,,,
2022-02-10 11:48:00-05:00,,,,,,
2022-02-10 11:49:00-05:00,,,,,,
2022-02-10 11:50:00-05:00,37.75,37.75,37.75,37.75,37.75,200.0
2022-02-10 11:51:00-05:00,37.75,37.75,37.75,37.75,37.75,102.0
2022-02-10 11:52:00-05:00,,,,,,
2022-02-10 11:53:00-05:00,37.744998931884766,37.744998931884766,37.779998779296875,37.7400016784668,37.77000045776367,965.0
2022-02-10 11:54:00-05:00,37.720001220703125,37.720001220703125,37.720001220703125,37.720001220703125,37.720001220703125,201.0
2022-02-10 11:55:00-05:00,37.75,37.75,37.7599983215332,37.7400016784668,37.75,3207.0
2022-02-10 11:56:00-05:00,37.7400016784668,37.7400016784668,37.7400016784668,37.7400016784668,37.7400016784668,690.0
2022-02-10 11:57:00-05:00,37.73500061035156,37.73500061035156,37.75,37.720001220703125,37.720001220703125,1749.0
2022-02-10 11:58:00-05:00,,,,,,
2022-02-10 11:59:00-05:00,,,,,,
2022-02-10 12:00:00-05:00,,,,,,
2022-02-10 12:01:00-05:00,37.744998931884766,37.744998931884766,37.744998931884766,37.744998931884766,37.744998931884766,1.0
2022-02-10 12:02:00-05:00,,,,,,
2022-02-10 12:03:00-05:00,,,,,,
2022-02-10 12:04:00-05:00,37.75,37.75,37.75,37.75,37.75,410.0
2022-02-10 12:05:00-05:00,37.77000045776367,37.77000045776367,37.77000045776367,37.77000045776367,37.77000045776367,127.0
2022-02-10 12:06:00-05:00,37.77000045776367,37.77000045776367,37.77000045776367,37.72999954223633,37.75,1569.0
2022-02-10 12:07:00-05:00,,,,,,
2022-02-10 12:08:00-05:00,37.790000915527344,37.790000915527344,37.790000915527344,37.790000915527344,37.790000915527344,380.0
2022-02-10 12:09:00-05:00,37.779998779296875,37.779998779296875,37.779998779296875,37.779998779296875,37.779998779296875,356.0
2022-02-10 12:10:00-05:00,,,,,,
2022-02-10 12:11:00-05:00,37.77000045776367,37.77000045776367,37.77000045776367,37.77000045776367,37.77000045776367,100.0
2022-02-10 12:12:00-05:00,,,,,,
2022-02-10 12:13:00-05:00,37.7599983215332,37.7599983215332,37.7599983215332,37.7599983215332,37.7599983215332,234.0
2022-02-10 12:14:00-05:00,37.77000045776367,37.77000045776367,37.77000045776367,37.7400016784668,37.744998931884766,732.0
2022-02-10 12:15:00-05:00,,,,,,
2022-02-10 12:16:00-05:00,37.7400016784668,37.7400016784668,37.75,37.73500061035156,37.75,2322.0
2022-02-10 12:17:00-05:00,37.7400016784668,37.7400016784668,37.7400016784668,37.7400016784668,37.7400016784668,297.0
2022-02-10 12:18:00-05:00,,,,,,
2022-02-10 12:19:00-05:00,37.7400016784668,37.7400016784668,37.7400016784668,37.73500061035156,37.73500061035156,402.0
2022-02-10 12:20:00-05:00,,,,,,
2022-02-10 12:21:00-05:00,,,,,,
2022-02-10 12:22:00-05:00,,,,,,
2022-02-10 12:23:00-05:00,37.71500015258789,37.71500015258789,37.71500015258789,37.71500015258789,37.71500015258789,483.0
2022-02-10 12:24:00-05:00,,,,,,
2022-02-10 12:25:00-05:00,37.720001220703125,37.720001220703125,37.720001220703125,37.720001220703125,37.720001220703125,323.0
2022-02-10 12:26:00-05:00,37.709999084472656,37.709999084472656,37.709999084472656,37.70000076293945,37.70000076293945,478.0
2022-02-10 12:27:00-05:00,37.7400016784668,37.7400016784668,37.7400016784668,37.72999954223633,37.72999954223633,387.0
2022-02-10 12:28:00-05:00,,,,,,
2022-02-10 12:29:00-05:00,37.7599983215332,37.7599983215332,37.7599983215332,37.7599983215332,37.7599983215332,582.0
2022-02-10 12:30:00-05:00,,,,,,
2022-02-10 12:31:00-05:00,,,,,,
2022-02-10 12:32:00-05:00,37.75,37.75,37.75,37.72999954223633,37.75,711.0
2022-02-10 12:33:00-05:00,37.75,37.75,37.75,37.7400016784668,37.75,341.0
2022-02-10 12:34:00-05:00,,,,,,
2022-02-10 12:35:00-05:00,,,,,,
2022-02-10 12:36:00-05:00,37.779998779296875,37.779998779296875,37.779998779296875,37.779998779296875,37.779998779296875,128.0
2022-02-10 12:37:00-05:00,37.77000045776367,37.77000045776367,37.77000045776367,37.77000045776367,37.77000045776367,216.0
2022-02-10 12:38:00-05:00,,,,,,
2022-02-10 12:39:00-05:00,,,,,,
2022-02-10 12:40:00-05:00,37.75,37.75,37.75,37.75,37.75,682.0
2022-02-10 12:41:00-05:00,,,,,,
2022-02-10 12:42:00-05:00,,,,,,
2022-02-10 12:43:00-05:00,37.75,37.75,37.75,37.75,37.75,318.0
2022-02-10 12:44:00-05:00,37.7400016784668,37.7400016784668,37.75,37.7400016784668,37.75,724.0
2022-02-10 12:45:00-05:00,37.66999816894531,37.66999816894531,37.720001220703125,37.65999984741211,37.720001220703125,1730.0
2022-02-10 12:46:00-05:00,37.66999816894531,37.66999816894531,37.709999084472656,37.66999816894531,37.709999084472656,764.0
2022-02-10 12:47:00-05:00,37.68000030517578,37.68000030517578,37.7400016784668,37.68000030517578,37.720001220703125,596.0
2022-02-10 12:48:00-05:00,37.619998931884766,37.619998931884766,37.65999984741211,37.619998931884766,37.65999984741211,504.0
2022-02-10 12:49:00-05:00,37.67499923706055,37.67499923706055,37.67499923706055,37.59000015258789,37.59000015258789,698.0
2022-02-10 12:50:00-05:00,37.68000030517578,37.68000030517578,37.68000030517578,37.66999816894531,37.66999816894531,1026.0
2022-02-10 12:51:00-05:00,,,,,,
2022-02-10 12:52:00-05:00,37.70000076293945,37.70000076293945,37.70500183105469,37.650001525878906,37.68000030517578,1169.0
2022-02-10 12:53:00-05:00,37.66999816894531,37.66999816894531,37.68000030517578,37.66999816894531,37.68000030517578,601.0
2022-02-10 12:54:00-05:00,37.65999984741211,37.65999984741211,37.65999984741211,37.65999984741211,37.65999984741211,261.0
2022-02-10 12:55:00-05:00,37.68000030517578,37.68000030517578,37.68000030517578,37.68000030517578,37.68000030517578,163.0
2022-02-10 12:56:00-05:00,37.68000030517578,37.68000030517578,37.68000030517578,37.650001525878906,37.650001525878906,301.0
2022-02-10 12:57:00-05:00,37.689998626708984,37.689998626708984,37.689998626708984,37.63999938964844,37.65999984741211,371.0
2022-02-10 12:58:00-05:00,37.70899963378906,37.70899963378906,37.70899963378906,37.70899963378906,37.70899963378906,353.0
2022-02-10 12:59:00-05:00,37.709999084472656,37.709999084472656,37.709999084472656,37.709999084472656,37.709999084472656,944.0
2022-02-10 13:00:00-05:00,,,,,,
2022-02-10 13:01:00-05:00,,,,,,
2022-02-10 13:02:00-05:00,37.70000076293945,37.70000076293945,37.720001220703125,37.70000076293945,37.70000076293945,1436.0
2022-02-10 13:03:00-05:00,37.689998626708984,37.689998626708984,37.689998626708984,37.689998626708984,37.689998626708984,300.0
2022-02-10 13:04:00-05:00,37.65999984741211,37.65999984741211,37.65999984741211,37.65999984741211,37.65999984741211,222.0
2022-02-10 13:05:00-05:00,37.630001068115234,37.630001068115234,37.630001068115234,37.630001068115234,37.630001068115234,404.0
2022-02-10 13:06:00-05:00,37.611000061035156,37.611000061035156,37.611000061035156,37.611000061035156,37.611000061035156,105.0
2022-02-10 13:07:00-05:00,37.65999984741211,37.65999984741211,37.65999984741211,37.65999984741211,37.65999984741211,281.0
2022-02-10 13:08:00-05:00,37.65999984741211,37.65999984741211,37.65999984741211,37.630001068115234,37.630001068115234,313.0
2022-02-10 13:09:00-05:00,37.630001068115234,37.630001068115234,37.630001068115234,37.630001068115234,37.630001068115234,224.0
2022-02-10 13:10:00-05:00,,,,,,
2022-02-10 13:11:00-05:00,,,,,,
2022-02-10 13:12:00-05:00,37.6150016784668,37.6150016784668,37.6150016784668,37.6150016784668,37.6150016784668,161.0
2022-02-10 13:13:00-05:00,37.619998931884766,37.619998931884766,37.619998931884766,37.619998931884766,37.619998931884766,105.0
2022-02-10 13:14:00-05:00,37.630001068115234,37.630001068115234,37.630001068115234,37.630001068115234,37.630001068115234,100.0
2022-02-10 13:15:00-05:00,37.56999969482422,37.56999969482422,37.61000061035156,37.56999969482422,37.61000061035156,446.0
2022-02-10 13:16:00-05:00,37.54600143432617,37.54600143432617,37.54600143432617,37.54600143432617,37.54600143432617,444.0
2022-02-10 13:17:00-05:00,,,,,,
2022-02-10 13:18:00-05:00,37.40999984741211,37.40999984741211,37.40999984741211,37.40999984741211,37.40999984741211,319.0
2022-02-10 13:19:00-05:00,37.34000015258789,37.34000015258789,37.34000015258789,37.34000015258789,37.34000015258789,197.0
2022-02-10 13:20:00-05:00,37.400001525878906,37.400001525878906,37.400001525878906,37.36000061035156,37.36000061035156,463.0
2022-02-10 13:21:00-05:00,37.41999816894531,37.41999816894531,37.41999816894531,37.41999816894531,37.41999816894531,110.0
2022-02-10 13:22:00-05:00,,,,,,
2022-02-10 13:23:00-05:00,37.40999984741211,37.40999984741211,37.459999084472656,37.40999984741211,37.459999084472656,322.0
2022-02-10 13:24:00-05:00,,,,,,
2022-02-10 13:25:00-05:00,37.470001220703125,37.470001220703125,37.470001220703125,37.470001220703125,37.470001220703125,489.0
2022-02-10 13:26:00-05:00,37.435001373291016,37.435001373291016,37.439998626708984,37.43000030517578,37.439998626708984,300.0
2022-02-10 13:27:00-05:00,37.459999084472656,37.459999084472656,37.470001220703125,37.459999084472656,37.470001220703125,209.0
2022-02-10 13:28:00-05:00,,,,,,
2022-02-10 13:29:00-05:00,37.38999938964844,37.38999938964844,37.38999938964844,37.38999938964844,37.38999938964844,357.0
2022-02-10 13:30:00-05:00,,,,,,
2022-02-10 13:31:00-05:00,37.349998474121094,37.349998474121094,37.349998474121094,37.349998474121094,37.349998474121094,457.0
2022-02-10 13:32:00-05:00,37.25,37.25,37.28499984741211,37.220001220703125,37.28499984741211,364.0
2022-02-10 13:33:00-05:00,37.20000076293945,37.20000076293945,37.215999603271484,37.20000076293945,37.215999603271484,435.0
2022-02-10 13:34:00-05:00,37.2599983215332,37.2599983215332,37.2599983215332,37.25,37.25,791.0
2022-02-10 13:35:00-05:00,37.16999816894531,37.16999816894531,37.16999816894531,37.16999816894531,37.16999816894531,194.0
2022-02-10 13:36:00-05:00,37.150001525878906,37.150001525878906,37.20000076293945,37.130001068115234,37.20000076293945,989.0
2022-02-10 13:37:00-05:00,37.09000015258789,37.09000015258789,37.099998474121094,37.09000015258789,37.090999603271484,474.0
2022-02-10 13:38:00-05:00,37.11000061035156,37.11000061035156,37.11000061035156,37.11000061035156,37.11000061035156,497.0
2022-02-10 13:39:00-05:00,,,,,,
2022-02-10 13:40:00-05:00,,,,,,
2022-02-10 13:41:00-05:00,37.20000076293945,37.20000076293945,37.20000076293945,37.20000076293945,37.20000076293945,204.0
2022-02-10 13:42:00-05:00,37.14099884033203,37.14099884033203,37.16999816894531,37.14099884033203,37.16999816894531,946.0
2022-02-10 13:43:00-05:00,37.220001220703125,37.220001220703125,37.220001220703125,37.220001220703125,37.220001220703125,101.0
2022-02-10 13:44:00-05:00,,,,,,
2022-02-10 13:45:00-05:00,37.189998626708984,37.189998626708984,37.20000076293945,37.189998626708984,37.189998626708984,440.0
2022-02-10 13:46:00-05:00,37.22999954223633,37.22999954223633,37.2400016784668,37.189998626708984,37.189998626708984,1422.0
2022-02-10 13:47:00-05:00,37.2400016784668,37.2400016784668,37.2400016784668,37.220001220703125,37.220001220703125,200.0
2022-02-10 13:48:00-05:00,37.220001220703125,37.220001220703125,37.2400016784668,37.189998626708984,37.220001220703125,1138.0
2022-02-10 13:49:00-05:00,37.16999816894531,37.16999816894531,37.20000076293945,37.16999816894531,37.20000076293945,209.0
2022-02-10 13:50:00-05:00,37.22999954223633,37.22999954223633,37.22999954223633,37.22999954223633,37.22999954223633,359.0
2022-02-10 13:51:00-05:00,37.209999084472656,37.209999084472656,37.209999084472656,37.18000030517578,37.18000030517578,449.0
2022-02-10 13:52:00-05:00,,,,,,
2022-02-10 13:53:00-05:00,,,,,,
2022-02-10 13:54:00-05:00,37.220001220703125,37.220001220703125,37.220001220703125,37.220001220703125,37.220001220703125,100.0
2022-02-10 13:55:00-05:00,37.220001220703125,37.220001220703125,37.220001220703125,37.20000076293945,37.20000076293945,221.0
2022-02-10 13:56:00-05:00,37.2400016784668,37.2400016784668,37.2400016784668,37.22999954223633,37.22999954223633,509.0
2022-02-10 13:57:00-05:00,,,,,,
2022-02-10 13:58:00-05:00,37.29899978637695,37.29899978637695,37.29899978637695,37.27000045776367,37.27000045776367,204.0
2022-02-10 13:59:00-05:00,37.279998779296875,37.279998779296875,37.279998779296875,37.279998779296875,37.279998779296875,877.0
2022-02-10 14:00:00-05:00,,,,,,
2022-02-10 14:01:00-05:00,,,,,,
2022-02-10 14:02:00-05:00,37.15999984741211,37.15999984741211,37.15999984741211,37.15999984741211,37.15999984741211,115.0
2022-02-10 14:03:00-05:00,37.220001220703125,37.220001220703125,37.220001220703125,37.16999816894531,37.16999816894531,371.0
2022-02-10 14:04:00-05:00,37.16659927368164,37.16659927368164,37.16659927368164,37.15999984741211,37.15999984741211,300.0
2022-02-10 14:05:00-05:00,37.13999938964844,37.13999938964844,37.13999938964844,37.13999938964844,37.13999938964844,551.0
2022-02-10 14:06:00-05:00,37.189998626708984,37.189998626708984,37.189998626708984,37.189998626708984,37.189998626708984,128.0
2022-02-10 14:07:00-05:00,37.189998626708984,37.189998626708984,37.189998626708984,37.189998626708984,37.189998626708984,102.0
2022-02-10 14:08:00-05:00,37.18000030517578,37.18000030517578,37.20500183105469,37.18000030517578,37.18000030517578,726.0
2022-02-10 14:09:00-05:00,37.18000030517578,37.18000030517578,37.18000030517578,37.18000030517578,37.18000030517578,352.0
2022-02-10 14:10:00-05:00,,,,,,
2022-02-10 14:11:00-05:00,37.189998626708984,37.189998626708984,37.189998626708984,37.16999816894531,37.16999816894531,840.0
2022-02-10 14:12:00-05:00,37.20000076293945,37.20000076293945,37.20000076293945,37.15999984741211,37.15999984741211,697.0
2022-02-10 14:13:00-05:00,,,,,,
2022-02-10 14:14:00-05:00,37.209999084472656,37.209999084472656,37.209999084472656,37.209999084472656,37.209999084472656,100.0
2022-02-10 14:15:00-05:00,37.189998626708984,37.189998626708984,37.209999084472656,37.16999816894531,37.209999084472656,827.0
2022-02-10 14:16:00-05:00,37.150001525878906,37.150001525878906,37.16999816894531,37.150001525878906,37.16999816894531,695.0
2022-02-10 14:17:00-05:00,37.209999084472656,37.209999084472656,37.209999084472656,37.150001525878906,37.150001525878906,910.0
2022-02-10 14:18:00-05:00,37.16999816894531,37.16999816894531,37.18000030517578,37.150001525878906,37.18000030517578,760.0
2022-02-10 14:19:00-05:00,37.13999938964844,37.13999938964844,37.15999984741211,37.13999938964844,37.13999938964844,1216.0
2022-02-10 14:20:00-05:00,37.150001525878906,37.150001525878906,37.16999816894531,37.150001525878906,37.150001525878906,953.0
2022-02-10 14:21:00-05:00,37.13999938964844,37.13999938964844,37.13999938964844,37.13999938964844,37.13999938964844,492.0
2022-02-10 14:22:00-05:00,37.150001525878906,37.150001525878906,37.150001525878906,37.119998931884766,37.119998931884766,781.0
2022-02-10 14:23:00-05:00,37.154998779296875,37.154998779296875,37.154998779296875,37.13999938964844,37.154998779296875,403.0
2022-02-10 14:24:00-05:00,37.18000030517578,37.18000030517578,37.209999084472656,37.154998779296875,37.154998779296875,987.0
2022-02-10 14:25:00-05:00,37.220001220703125,37.220001220703125,37.220001220703125,37.220001220703125,37.220001220703125,107.0
2022-02-10 14:26:00-05:00,37.290000915527344,37.290000915527344,37.290000915527344,37.220001220703125,37.220001220703125,975.0
2022-02-10 14:27:00-05:00,,,,,,
2022-02-10 14:28:00-05:00,37.279998779296875,37.279998779296875,37.29999923706055,37.279998779296875,37.290000915527344,1082.0
2022-02-10 14:29:00-05:00,37.25,37.25,37.2599983215332,37.25,37.2599983215332,317.0
2022-02-10 14:30:00-05:00,,,,,,
2022-02-10 14:31:00-05:00,37.2400016784668,37.2400016784668,37.2400016784668,37.2400016784668,37.2400016784668,1021.0
2022-02-10 14:32:00-05:00,37.2400016784668,37.2400016784668,37.2400016784668,37.2400016784668,37.2400016784668,310.0
2022-02-10 14:33:00-05:00,37.21500015258789,37.21500015258789,37.2400016784668,37.209999084472656,37.22999954223633,1443.0
2022-02-10 14:34:00-05:00,,,,,,
2022-02-10 14:35:00-05:00,,,,,,
2022-02-10 14:36:00-05:00,37.2599983215332,37.2599983215332,37.2599983215332,37.2599983215332,37.2599983215332,1478.0
2022-02-10 14:37:00-05:00,37.310001373291016,37.310001373291016,37.34000015258789,37.29999923706055,37.310001373291016,1893.0
2022-02-10 14:38:00-05:00,,,,,,
2022-02-10 14:39:00-05:00,,,,,,
2022-02-10 14:40:00-05:00,,,,,,
2022-02-10 14:41:00-05:00,37.290000915527344,37.290000915527344,37.290000915527344,37.290000915527344,37.290000915527344,162.0
2022-02-10 14:42:00-05:00,37.22999954223633,37.22999954223633,37.22999954223633,37.22999954223633,37.22999954223633,213.0
2022-02-10 14:43:00-05:00,37.220001220703125,37.220001220703125,37.23500061035156,37.209999084472656,37.23500061035156,735.0
2022-02-10 14:44:00-05:00,,,,,,
2022-02-10 14:45:00-05:00,37.220001220703125,37.220001220703125,37.220001220703125,37.220001220703125,37.220001220703125,178.0
2022-02-10 14:46:00-05:00,,,,,,
2022-02-10 14:47:00-05:00,,,,,,
2022-02-10 14:48:00-05:00,37.27000045776367,37.27000045776367,37.29999923706055,37.27000045776367,37.29999923706055,237.0
2022-02-10 14:49:00-05:00,37.22999954223633,37.22999954223633,37.29999923706055,37.220001220703125,37.29999923706055,330.0
2022-02-10 14:50:00-05:00,,,,,,
2022-02-10 14:51:00-05:00,37.18000030517578,37.18000030517578,37.209999084472656,37.16999816894531,37.20500183105469,960.0
2022-02-10 14:52:00-05:00,37.16999816894531,37.16999816894531,37.189998626708984,37.16999816894531,37.189998626708984,200.0
2022-02-10 14:53:00-05:00,37.1150016784668,37.1150016784668,37.154998779296875,37.1150016784668,37.150001525878906,573.0
2022-02-10 14:54:00-05:00,,,,,,
2022-02-10 14:55:00-05:00,,,,,,
2022-02-10 14:56:00-05:00,37.13999938964844,37.13999938964844,37.13999938964844,37.13999938964844,37.13999938964844,300.0
2022-02-10 14:57:00-05:00,37.16999816894531,37.16999816894531,37.189998626708984,37.150001525878906,37.18000030517578,1537.0
2022-02-10 14:58:00-05:00,,,,,,
2022-02-10 14:59:00-05:00,37.16999816894531,37.16999816894531,37.185001373291016,37.16999816894531,37.16999816894531,624.0
2022-02-10 15:00:00-05:00,37.18000030517578,37.18000030517578,37.220001220703125,37.13999938964844,37.220001220703125,951.0
2022-02-10 15:01:00-05:00,37.165000915527344,37.165000915527344,37.165000915527344,37.165000915527344,37.165000915527344,494.0
2022-02-10 15:02:00-05:00,,,,,,
2022-02-10 15:03:00-05:00,37.220001220703125,37.220001220703125,37.220001220703125,37.220001220703125,37.220001220703125,412.0
2022-02-10 15:04:00-05:00,37.20000076293945,37.20000076293945,37.22999954223633,37.20000076293945,37.220001220703125,668.0
2022-02-10 15:05:00-05:00,37.220001220703125,37.220001220703125,37.220001220703125,37.20000076293945,37.20000076293945,243.0
2022-02-10 15:06:00-05:00,,,,,,
2022-02-10 15:07:00-05:00,37.209999084472656,37.209999084472656,37.220001220703125,37.209999084472656,37.220001220703125,239.0
2022-02-10 15:08:00-05:00,37.209999084472656,37.209999084472656,37.27000045776367,37.20000076293945,37.20000076293945,826.0
2022-02-10 15:09:00-05:00,,,,,,
2022-02-10 15:10:00-05:00,,,,,,
2022-02-10 15:11:00-05:00,37.30099868774414,37.30099868774414,37.32500076293945,37.30099868774414,37.32500076293945,793.0
2022-02-10 15:12:00-05:00,,,,,,
2022-02-10 15:13:00-05:00,,,,,,
2022-02-10 15:14:00-05:00,37.279998779296875,37.279998779296875,37.290000915527344,37.279998779296875,37.290000915527344,226.0
2022-02-10 15:15:00-05:00,37.290000915527344,37.290000915527344,37.310001373291016,37.290000915527344,37.29999923706055,1117.0
2022-02-10 15:16:00-05:00,37.290000915527344,37.290000915527344,37.290000915527344,37.290000915527344,37.290000915527344,308.0
2022-02-10 15:17:00-05:00,37.27000045776367,37.27000045776367,37.27000045776367,37.27000045776367,37.27000045776367,383.0
2022-02-10 15:18:00-05:00,37.2400016784668,37.2400016784668,37.290000915527344,37.2400016784668,37.2400016784668,1178.0
2022-02-10 15:19:00-05:00,37.22999954223633,37.22999954223633,37.22999954223633,37.20000076293945,37.20000076293945,241.0
2022-02-10 15:20:00-05:00,37.189998626708984,37.189998626708984,37.25,37.189998626708984,37.25,759.0
2022-02-10 15:21:00-05:00,37.185001373291016,37.185001373291016,37.185001373291016,37.15999984741211,37.15999984741211,428.0
2022-02-10 15:22:00-05:00,37.16999816894531,37.16999816894531,37.16999816894531,37.14500045776367,37.165000915527344,832.0
2022-02-10 15:23:00-05:00,37.18000030517578,37.18000030517578,37.189998626708984,37.15999984741211,37.16999816894531,2064.0
2022-02-10 15:24:00-05:00,37.165000915527344,37.165000915527344,37.165000915527344,37.165000915527344,37.165000915527344,307.0
2022-02-10 15:25:00-05:00,37.2400016784668,37.2400016784668,37.2599983215332,37.2400016784668,37.2599983215332,346.0
2022-02-10 15:26:00-05:00,37.2400016784668,37.2400016784668,37.2400016784668,37.220001220703125,37.22999954223633,1064.0
2022-02-10 15:27:00-05:00,37.27000045776367,37.27000045776367,37.27000045776367,37.25,37.25,477.0
2022-02-10 15:28:00-05:00,37.25,37.25,37.25,37.25,37.25,101.0
2022-02-10 15:29:00-05:00,37.209999084472656,37.209999084472656,37.209999084472656,37.20000076293945,37.209999084472656,905.0
2022-02-10 15:30:00-05:00,37.17499923706055,37.17499923706055,37.18000030517578,37.15999984741211,37.18000030517578,1798.0
2022-02-10 15:31:00-05:00,37.209999084472656,37.209999084472656,37.209999084472656,37.189998626708984,37.189998626708984,343.0
2022-02-10 15:32:00-05:00,37.20000076293945,37.20000076293945,37.2400016784668,37.189998626708984,37.19499969482422,1729.0
2022-02-10 15:33:00-05:00,37.18000030517578,37.18000030517578,37.19499969482422,37.18000030517578,37.19499969482422,214.0
2022-02-10 15:34:00-05:00,37.17499923706055,37.17499923706055,37.19499969482422,37.17499923706055,37.19499969482422,518.0
2022-02-10 15:35:00-05:00,37.15999984741211,37.15999984741211,37.17499923706055,37.15999984741211,37.17499923706055,764.0
2022-02-10 15:36:00-05:00,37.18000030517578,37.18000030517578,37.209999084472656,37.18000030517578,37.189998626708984,1053.0
2022-02-10 15:37:00-05:00,37.2400016784668,37.2400016784668,37.2400016784668,37.16999816894531,37.16999816894531,1268.0
2022-02-10 15:38:00-05:00,37.209999084472656,37.209999084472656,37.27000045776367,37.209999084472656,37.2599983215332,1150.0
2022-02-10 15:39:00-05:00,37.209999084472656,37.209999084472656,37.209999084472656,37.18000030517578,37.209999084472656,660.0
2022-02-10 15:40:00-05:00,37.25,37.25,37.25,37.25,37.25,214.0
2022-02-10 15:41:00-05:00,37.209999084472656,37.209999084472656,37.22999954223633,37.209999084472656,37.22999954223633,415.0
2022-02-10 15:42:00-05:00,37.189998626708984,37.189998626708984,37.20000076293945,37.189998626708984,37.189998626708984,815.0
2022-02-10 15:43:00-05:00,37.19499969482422,37.19499969482422,37.19499969482422,37.18000030517578,37.19499969482422,376.0
2022-02-10 15:44:00-05:00,37.20000076293945,37.20000076293945,37.220001220703125,37.20000076293945,37.220001220703125,830.0
2022-02-10 15:45:00-05:00,37.150001525878906,37.150001525878906,37.189998626708984,37.1349983215332,37.189998626708984,2249.0
2022-02-10 15:46:00-05:00,37.119998931884766,37.119998931884766,37.13999938964844,37.119998931884766,37.138999938964844,1147.0
2022-02-10 15:47:00-05:00,37.11000061035156,37.11000061035156,37.11000061035156,37.10499954223633,37.10499954223633,813.0
2022-02-10 15:48:00-05:00,37.099998474121094,37.099998474121094,37.11000061035156,37.09000015258789,37.099998474121094,729.0
2022-02-10 15:49:00-05:00,37.119998931884766,37.119998931884766,37.130001068115234,37.08000183105469,37.08000183105469,1842.0
2022-02-10 15:50:00-05:00,37.11000061035156,37.11000061035156,37.11000061035156,37.06999969482422,37.099998474121094,1875.0
2022-02-10 15:51:00-05:00,37.15999984741211,37.15999984741211,37.15999984741211,37.11000061035156,37.11000061035156,2555.0
2022-02-10 15:52:00-05:00,37.16999816894531,37.16999816894531,37.189998626708984,37.15999984741211,37.16999816894531,2141.0
2022-02-10 15:53:00-05:00,37.16999816894531,37.16999816894531,37.16999816894531,37.150001525878906,37.150001525878906,2675.0
2022-02-10 15:54:00-05:00,37.20000076293945,37.20000076293945,37.20000076293945,37.150001525878906,37.16999816894531,5429.0
2022-02-10 15:55:00-05:00,37.27000045776367,37.27000045776367,37.27000045776367,37.220001220703125,37.220001220703125,2321.0
2022-02-10 15:56:00-05:00,37.22999954223633,37.22999954223633,37.279998779296875,37.220001220703125,37.279998779296875,4923.0
2022-02-10 15:57:00-05:00,37.27000045776367,37.27000045776367,37.290000915527344,37.209999084472656,37.209999084472656,3902.0
2022-02-10 15:58:00-05:00,37.31999969482422,37.31999969482422,37.31999969482422,37.27000045776367,37.27000045776367,4438.0
2022-02-10 15:59:00-05:00,37.290000915527344,37.290000915527344,37.31999969482422,37.25,37.29999923706055,5304.0
2022-02-11 09:30:00-05:00,36.974998474121094,36.974998474121094,37.15999984741211,36.974998474121094,37.15999984741211,1408.0
2022-02-11 09:31:00-05:00,,,,,,
2022-02-11 09:32:00-05:00,,,,,,
2022-02-11 09:33:00-05:00,,,,,,
2022-02-11 09:34:00-05:00,,,,,,
2022-02-11 09:35:00-05:00,,,,,,
2022-02-11 09:36:00-05:00,37.17499923706055,37.17499923706055,37.17499923706055,37.119998931884766,37.119998931884766,706.0
2022-02-11 09:37:00-05:00,37.15999984741211,37.15999984741211,37.15999984741211,37.15999984741211,37.15999984741211,102.0
2022-02-11 09:38:00-05:00,36.95000076293945,36.95000076293945,37.08000183105469,36.95000076293945,37.08000183105469,356.0
2022-02-11 09:39:00-05:00,,,,,,
2022-02-11 09:40:00-05:00,37.11000061035156,37.11000061035156,37.18000030517578,37.11000061035156,37.18000030517578,466.0
2022-02-11 09:41:00-05:00,37.1349983215332,37.1349983215332,37.1349983215332,37.040000915527344,37.040000915527344,1571.0
2022-02-11 09:42:00-05:00,37.25,37.25,37.25,37.25,37.25,235.0
2022-02-11 09:43:00-05:00,,,,,,
2022-02-11 09:44:00-05:00,37.349998474121094,37.349998474121094,37.349998474121094,37.275001525878906,37.275001525878906,495.0
2022-02-11 09:45:00-05:00,,,,,,
2022-02-11 09:46:00-05:00,,,,,,
2022-02-11 09:47:00-05:00,37.310001373291016,37.310001373291016,37.310001373291016,37.310001373291016,37.310001373291016,347.0
2022-02-11 09:48:00-05:00,37.255001068115234,37.255001068115234,37.255001068115234,37.255001068115234,37.255001068115234,268.0
2022-02-11 09:49:00-05:00,37.30500030517578,37.30500030517578,37.349998474121094,37.30500030517578,37.349998474121094,1378.0
2022-02-11 09:50:00-05:00,,,,,,
2022-02-11 09:51:00-05:00,,,,,,
2022-02-11 09:52:00-05:00,,,,,,
2022-02-11 09:53:00-05:00,37.40999984741211,37.40999984741211,37.40999984741211,37.38999938964844,37.38999938964844,832.0
2022-02-11 09:54:00-05:00,,,,,,
2022-02-11 09:55:00-05:00,37.400001525878906,37.400001525878906,37.400001525878906,37.36000061035156,37.36000061035156,405.0
2022-02-11 09:56:00-05:00,37.369998931884766,37.369998931884766,37.369998931884766,37.369998931884766,37.369998931884766,264.0
2022-02-11 09:57:00-05:00,37.40999984741211,37.40999984741211,37.40999984741211,37.36000061035156,37.36000061035156,659.0
2022-02-11 09:58:00-05:00,37.369998931884766,37.369998931884766,37.375999450683594,37.369998931884766,37.369998931884766,808.0
2022-02-11 09:59:00-05:00,,,,,,
2022-02-11 10:00:00-05:00,37.459999084472656,37.459999084472656,37.459999084472656,37.439998626708984,37.439998626708984,1602.0
2022-02-11 10:01:00-05:00,,,,,,
2022-02-11 10:02:00-05:00,37.3650016784668,37.3650016784668,37.369998931884766,37.3650016784668,37.369998931884766,617.0
2022-02-11 10:03:00-05:00,,,,,,
2022-02-11 10:04:00-05:00,,,,,,
2022-02-11 10:05:00-05:00,37.36000061035156,37.36000061035156,37.40999984741211,37.36000061035156,37.369998931884766,1461.0
2022-02-11 10:06:00-05:00,37.34000015258789,37.34000015258789,37.38999938964844,37.34000015258789,37.38999938964844,397.0
2022-02-11 10:07:00-05:00,37.369998931884766,37.369998931884766,37.369998931884766,37.369998931884766,37.369998931884766,150.0
2022-02-11 10:08:00-05:00,37.40999984741211,37.40999984741211,37.40999984741211,37.380001068115234,37.380001068115234,358.0
2022-02-11 10:09:00-05:00,37.43000030517578,37.43000030517578,37.43000030517578,37.43000030517578,37.43000030517578,313.0
2022-02-11 10:10:00-05:00,,,,,,
2022-02-11 10:11:00-05:00,37.375999450683594,37.375999450683594,37.40999984741211,37.375999450683594,37.40999984741211,467.0
2022-02-11 10:12:00-05:00,,,,,,
2022-02-11 10:13:00-05:00,,,,,,
2022-02-11 10:14:00-05:00,37.36000061035156,37.36000061035156,37.36000061035156,37.36000061035156,37.36000061035156,413.0
2022-02-11 10:15:00-05:00,37.45000076293945,37.45000076293945,37.45000076293945,37.45000076293945,37.45000076293945,194.0
2022-02-11 10:16:00-05:00,,,,,,
2022-02-11 10:17:00-05:00,37.5,37.5,37.5,37.5,37.5,725.0
2022-02-11 10:18:00-05:00,37.470001220703125,37.470001220703125,37.470001220703125,37.470001220703125,37.470001220703125,206.0
2022-02-11 10:19:00-05:00,,,,,,
2022-02-11 10:20:00-05:00,,,,,,
2022-02-11 10:21:00-05:00,37.52000045776367,37.52000045776367,37.52000045776367,37.52000045776367,37.52000045776367,352.0
2022-02-11 10:22:00-05:00,37.54899978637695,37.54899978637695,37.54899978637695,37.4900016784668,37.4900016784668,1004.0
2022-02-11 10:23:00-05:00,37.5,37.5,37.5,37.4900016784668,37.4900016784668,301.0
2022-02-11 10:24:00-05:00,37.560001373291016,37.560001373291016,37.560001373291016,37.560001373291016,37.560001373291016,425.0
2022-02-11 10:25:00-05:00,37.54999923706055,37.54999923706055,37.54999923706055,37.540000915527344,37.540000915527344,525.0
2022-02-11 10:26:00-05:00,,,,,,
2022-02-11 10:27:00-05:00,37.58000183105469,37.58000183105469,37.58000183105469,37.47999954223633,37.54999923706055,51370.0
2022-02-11 10:28:00-05:00,,,,,,
2022-02-11 10:29:00-05:00,37.65999984741211,37.65999984741211,37.665000915527344,37.650001525878906,37.665000915527344,594.0
2022-02-11 10:30:00-05:00,37.65999984741211,37.65999984741211,37.65999984741211,37.65999984741211,37.65999984741211,225.0
2022-02-11 10:31:00-05:00,37.68000030517578,37.68000030517578,37.689998626708984,37.68000030517578,37.689998626708984,206.0
2022-02-11 10:32:00-05:00,37.650001525878906,37.650001525878906,37.70000076293945,37.650001525878906,37.70000076293945,936.0
2022-02-11 10:33:00-05:00,37.65999984741211,37.65999984741211,37.709999084472656,37.65999984741211,37.68000030517578,1956.0
2022-02-11 10:34:00-05:00,,,,,,
2022-02-11 10:35:00-05:00,37.630001068115234,37.630001068115234,37.630001068115234,37.630001068115234,37.630001068115234,501.0
2022-02-11 10:36:00-05:00,,,,,,
2022-02-11 10:37:00-05:00,,,,,,
2022-02-11 10:38:00-05:00,,,,,,
2022-02-11 10:39:00-05:00,,,,,,
2022-02-11 10:40:00-05:00,,,,,,
2022-02-11 10:41:00-05:00,37.68199920654297,37.68199920654297,37.689998626708984,37.66999816894531,37.689998626708984,2216.0
2022-02-11 10:42:00-05:00,37.709999084472656,37.709999084472656,37.709999084472656,37.709999084472656,37.709999084472656,144.0
2022-02-11 10:43:00-05:00,37.72999954223633,37.72999954223633,37.72999954223633,37.72999954223633,37.72999954223633,104.0
2022-02-11 10:44:00-05:00,37.720001220703125,37.720001220703125,37.720001220703125,37.63999938964844,37.709999084472656,4636.0
2022-02-11 10:45:00-05:00,37.72999954223633,37.72999954223633,37.7400016784668,37.68000030517578,37.724998474121094,926.0
2022-02-11 10:46:00-05:00,,,,,,
2022-02-11 10:47:00-05:00,37.689998626708984,37.689998626708984,37.689998626708984,37.689998626708984,37.689998626708984,203.0
2022-02-11 10:48:00-05:00,37.72999954223633,37.72999954223633,37.72999954223633,37.72999954223633,37.72999954223633,335.0
2022-02-11 10:49:00-05:00,,,,,,
2022-02-11 10:50:00-05:00,37.70000076293945,37.70000076293945,37.720001220703125,37.70000076293945,37.720001220703125,385.0
2022-02-11 10:51:00-05:00,,,,,,
2022-02-11 10:52:00-05:00,37.7400016784668,37.7400016784668,37.7400016784668,37.7400016784668,37.7400016784668,138.0
2022-02-11 10:53:00-05:00,,,,,,
2022-02-11 10:54:00-05:00,,,,,,
2022-02-11 10:55:00-05:00,37.849998474121094,37.849998474121094,37.849998474121094,37.849998474121094,37.849998474121094,512.0
2022-02-11 10:56:00-05:00,,,,,,
2022-02-11 10:57:00-05:00,37.88999938964844,37.88999938964844,37.900001525878906,37.88999938964844,37.900001525878906,341.0
2022-02-11 10:58:00-05:00,37.91999816894531,37.91999816894531,37.91999816894531,37.91999816894531,37.91999816894531,213.0
2022-02-11 10:59:00-05:00,37.849998474121094,37.849998474121094,37.849998474121094,37.849998474121094,37.849998474121094,417.0
2022-02-11 11:00:00-05:00,,,,,,
2022-02-11 11:01:00-05:00,,,,,,
2022-02-11 11:02:00-05:00,37.95000076293945,37.95000076293945,37.959999084472656,37.95000076293945,37.959999084472656,351.0
2022-02-11 11:03:00-05:00,,,,,,
2022-02-11 11:04:00-05:00,37.97999954223633,37.97999954223633,38.0,37.97999954223633,38.0,1472.0
2022-02-11 11:05:00-05:00,37.970001220703125,37.970001220703125,37.970001220703125,37.93000030517578,37.93000030517578,408.0
2022-02-11 11:06:00-05:00,37.880001068115234,37.880001068115234,37.90999984741211,37.880001068115234,37.90999984741211,1475.0
2022-02-11 11:07:00-05:00,37.869998931884766,37.869998931884766,37.869998931884766,37.869998931884766,37.869998931884766,102.0
2022-02-11 11:08:00-05:00,37.875,37.875,37.875,37.875,37.875,361.0
2022-02-11 11:09:00-05:00,37.810001373291016,37.810001373291016,37.810001373291016,37.810001373291016,37.810001373291016,1206.0
2022-02-11 11:10:00-05:00,,,,,,
2022-02-11 11:11:00-05:00,,,,,,
2022-02-11 11:12:00-05:00,37.86000061035156,37.86000061035156,37.86000061035156,37.849998474121094,37.849998474121094,299.0
2022-02-11 11:13:00-05:00,,,,,,
2022-02-11 11:14:00-05:00,37.994998931884766,37.994998931884766,38.0099983215332,37.9900016784668,37.9900016784668,490.0
2022-02-11 11:15:00-05:00,37.91999816894531,37.91999816894531,37.91999816894531,37.91999816894531,37.91999816894531,353.0
2022-02-11 11:16:00-05:00,,,,,,
2022-02-11 11:17:00-05:00,,,,,,
2022-02-11 11:18:00-05:00,,,,,,
2022-02-11 11:19:00-05:00,,,,,,
2022-02-11 11:20:00-05:00,37.939998626708984,37.939998626708984,37.95000076293945,37.93000030517578,37.93000030517578,334.0
2022-02-11 11:21:00-05:00,37.970001220703125,37.970001220703125,37.970001220703125,37.970001220703125,37.970001220703125,719.0
2022-02-11 11:22:00-05:00,,,,,,
2022-02-11 11:23:00-05:00,37.970001220703125,37.970001220703125,37.97999954223633,37.970001220703125,37.97999954223633,924.0
2022-02-11 11:24:00-05:00,38.0,38.0,38.0,37.97999954223633,37.97999954223633,342.0
2022-02-11 11:25:00-05:00,37.95000076293945,37.95000076293945,37.970001220703125,37.95000076293945,37.970001220703125,1232.0
2022-02-11 11:26:00-05:00,,,,,,
2022-02-11 11:27:00-05:00,,,,,,
2022-02-11 11:28:00-05:00,37.810001373291016,37.810001373291016,37.900001525878906,37.810001373291016,37.900001525878906,1003.0
2022-02-11 11:29:00-05:00,37.810001373291016,37.810001373291016,37.869998931884766,37.790000915527344,37.834999084472656,3499.0
2022-02-11 11:30:00-05:00,37.83000183105469,37.83000183105469,37.83000183105469,37.83000183105469,37.83000183105469,420.0
2022-02-11 11:31:00-05:00,,,,,,
2022-02-11 11:32:00-05:00,37.779998779296875,37.779998779296875,37.779998779296875,37.779998779296875,37.779998779296875,114.0
2022-02-11 11:33:00-05:00,37.724998474121094,37.724998474121094,37.78499984741211,37.709999084472656,37.72999954223633,3095.0
2022-02-11 11:34:00-05:00,37.70000076293945,37.70000076293945,37.70000076293945,37.70000076293945,37.70000076293945,459.0
2022-02-11 11:35:00-05:00,,,,,,
2022-02-11 11:36:00-05:00,37.689998626708984,37.689998626708984,37.689998626708984,37.689998626708984,37.689998626708984,418.0
2022-02-11 11:37:00-05:00,37.68000030517578,37.68000030517578,37.68000030517578,37.63999938964844,37.63999938964844,903.0
2022-02-11 11:38:00-05:00,,,,,,
2022-02-11 11:39:00-05:00,37.630001068115234,37.630001068115234,37.65840148925781,37.630001068115234,37.650001525878906,1739.0
2022-02-11 11:40:00-05:00,,,,,,
2022-02-11 11:41:00-05:00,37.650001525878906,37.650001525878906,37.65999984741211,37.650001525878906,37.65999984741211,563.0
2022-02-11 11:42:00-05:00,37.56999969482422,37.56999969482422,37.650001525878906,37.56999969482422,37.63999938964844,3557.0
2022-02-11 11:43:00-05:00,37.52000045776367,37.52000045776367,37.59000015258789,37.52000045776367,37.58000183105469,1501.0
2022-02-11 11:44:00-05:00,37.470001220703125,37.470001220703125,37.529998779296875,37.470001220703125,37.529998779296875,789.0
2022-02-11 11:45:00-05:00,37.58000183105469,37.58000183105469,37.58000183105469,37.470001220703125,37.525001525878906,3520.0
2022-02-11 11:46:00-05:00,,,,,,
2022-02-11 11:47:00-05:00,37.56999969482422,37.56999969482422,37.56999969482422,37.52000045776367,37.529998779296875,1987.0
2022-02-11 11:48:00-05:00,37.52000045776367,37.52000045776367,37.52000045776367,37.52000045776367,37.52000045776367,412.0
2022-02-11 11:49:00-05:00,37.59000015258789,37.59000015258789,37.59000015258789,37.59000015258789,37.59000015258789,368.0
2022-02-11 11:50:00-05:00,37.59000015258789,37.59000015258789,37.59000015258789,37.56999969482422,37.56999969482422,344.0
2022-02-11 11:51:00-05:00,37.599998474121094,37.599998474121094,37.599998474121094,37.599998474121094,37.599998474121094,403.0
2022-02-11 11:52:00-05:00,37.599998474121094,37.599998474121094,37.599998474121094,37.599998474121094,37.599998474121094,887.0
2022-02-11 11:53:00-05:00,,,,,,
2022-02-11 11:54:00-05:00,37.599998474121094,37.599998474121094,37.599998474121094,37.599998474121094,37.599998474121094,201.0
2022-02-11 11:55:00-05:00,37.560001373291016,37.560001373291016,37.619998931884766,37.54999923706055,37.61000061035156,615.0
2022-02-11 11:56:00-05:00,37.599998474121094,37.599998474121094,37.599998474121094,37.599998474121094,37.599998474121094,294.0
2022-02-11 11:57:00-05:00,37.599998474121094,37.599998474121094,37.599998474121094,37.599998474121094,37.599998474121094,123.0
2022-02-11 11:58:00-05:00,,,,,,
2022-02-11 11:59:00-05:00,37.599998474121094,37.599998474121094,37.599998474121094,37.599998474121094,37.599998474121094,210.0
2022-02-11 12:00:00-05:00,,,,,,
2022-02-11 12:01:00-05:00,37.599998474121094,37.599998474121094,37.599998474121094,37.599998474121094,37.599998474121094,285.0
2022-02-11 12:02:00-05:00,,,,,,
2022-02-11 12:03:00-05:00,,,,,,
2022-02-11 12:04:00-05:00,,,,,,
2022-02-11 12:05:00-05:00,,,,,,
2022-02-11 12:06:00-05:00,,,,,,
2022-02-11 12:07:00-05:00,,,,,,
2022-02-11 12:08:00-05:00,37.611000061035156,37.611000061035156,37.611000061035156,37.611000061035156,37.611000061035156,115.0
2022-02-11 12:09:00-05:00,,,,,,
2022-02-11 12:10:00-05:00,37.61000061035156,37.61000061035156,37.61000061035156,37.61000061035156,37.61000061035156,522.0
2022-02-11 12:11:00-05:00,,,,,,
2022-02-11 12:12:00-05:00,37.619998931884766,37.619998931884766,37.619998931884766,37.619998931884766,37.619998931884766,234.0
2022-02-11 12:13:00-05:00,37.630001068115234,37.630001068115234,37.630001068115234,37.630001068115234,37.630001068115234,404.0
2022-02-11 12:14:00-05:00,,,,,,
2022-02-11 12:15:00-05:00,37.58000183105469,37.58000183105469,37.58000183105469,37.58000183105469,37.58000183105469,169.0
2022-02-11 12:16:00-05:00,37.58599853515625,37.58599853515625,37.58599853515625,37.58599853515625,37.58599853515625,301.0
2022-02-11 12:17:00-05:00,37.61000061035156,37.61000061035156,37.61000061035156,37.61000061035156,37.61000061035156,331.0
2022-02-11 12:18:00-05:00,37.560001373291016,37.560001373291016,37.599998474121094,37.54999923706055,37.599998474121094,773.0
2022-02-11 12:19:00-05:00,37.56999969482422,37.56999969482422,37.56999969482422,37.56999969482422,37.56999969482422,286.0
2022-02-11 12:20:00-05:00,37.56999969482422,37.56999969482422,37.56999969482422,37.56999969482422,37.56999969482422,214.0
2022-02-11 12:21:00-05:00,37.569000244140625,37.569000244140625,37.569000244140625,37.529998779296875,37.54999923706055,505.0
2022-02-11 12:22:00-05:00,,,,,,
2022-02-11 12:23:00-05:00,37.599998474121094,37.599998474121094,37.599998474121094,37.599998474121094,37.599998474121094,135.0
2022-02-11 12:24:00-05:00,,,,,,
2022-02-11 12:25:00-05:00,37.61000061035156,37.61000061035156,37.619998931884766,37.61000061035156,37.619998931884766,520.0
2022-02-11 12:26:00-05:00,,,,,,
2022-02-11 12:27:00-05:00,,,,,,
2022-02-11 12:28:00-05:00,37.63999938964844,37.63999938964844,37.63999938964844,37.63999938964844,37.63999938964844,244.0
2022-02-11 12:29:00-05:00,,,,,,
2022-02-11 12:30:00-05:00,37.61000061035156,37.61000061035156,37.61000061035156,37.61000061035156,37.61000061035156,215.0
2022-02-11 12:31:00-05:00,37.599998474121094,37.599998474121094,37.599998474121094,37.599998474121094,37.599998474121094,323.0
2022-02-11 12:32:00-05:00,37.599998474121094,37.599998474121094,37.599998474121094,37.58000183105469,37.599998474121094,530.0
2022-02-11 12:33:00-05:00,37.599998474121094,37.599998474121094,37.599998474121094,37.599998474121094,37.599998474121094,273.0
2022-02-11 12:34:00-05:00,,,,,,
2022-02-11 12:35:00-05:00,37.599998474121094,37.599998474121094,37.61000061035156,37.599998474121094,37.61000061035156,341.0
2022-02-11 12:36:00-05:00,37.59000015258789,37.59000015258789,37.59000015258789,37.59000015258789,37.59000015258789,252.0
2022-02-11 12:37:00-05:00,37.58000183105469,37.58000183105469,37.58000183105469,37.58000183105469,37.58000183105469,768.0
2022-02-11 12:38:00-05:00,37.56999969482422,37.56999969482422,37.584999084472656,37.56999969482422,37.57500076293945,520.0
2022-02-11 12:39:00-05:00,37.59000015258789,37.59000015258789,37.59000015258789,37.57500076293945,37.57500076293945,1253.0
2022-02-11 12:40:00-05:00,,,,,,
2022-02-11 12:41:00-05:00,37.599998474121094,37.599998474121094,37.599998474121094,37.59000015258789,37.59000015258789,732.0
2022-02-11 12:42:00-05:00,37.58000183105469,37.58000183105469,37.58000183105469,37.58000183105469,37.58000183105469,480.0
2022-02-11 12:43:00-05:00,,,,,,
2022-02-11 12:44:00-05:00,37.595001220703125,37.595001220703125,37.595001220703125,37.595001220703125,37.595001220703125,334.0
2022-02-11 12:45:00-05:00,,,,,,
2022-02-11 12:46:00-05:00,37.54499816894531,37.54499816894531,37.54499816894531,37.54499816894531,37.54499816894531,300.0
2022-02-11 12:47:00-05:00,37.56999969482422,37.56999969482422,37.56999969482422,37.56999969482422,37.56999969482422,194.0
2022-02-11 12:48:00-05:00,,,,,,
2022-02-11 12:49:00-05:00,,,,,,
2022-02-11 12:50:00-05:00,37.529998779296875,37.529998779296875,37.529998779296875,37.529998779296875,37.529998779296875,107.0
2022-02-11 12:51:00-05:00,37.5099983215332,37.5099983215332,37.540000915527344,37.5099983215332,37.540000915527344,642.0
2022-02-11 12:52:00-05:00,,,,,,
2022-02-11 12:53:00-05:00,37.54999923706055,37.54999923706055,37.54999923706055,37.540000915527344,37.540000915527344,211.0
2022-02-11 12:54:00-05:00,37.5,37.5,37.5,37.5,37.5,386.0
2022-02-11 12:55:00-05:00,,,,,,
2022-02-11 12:56:00-05:00,37.52000045776367,37.52000045776367,37.52000045776367,37.5099983215332,37.5099983215332,715.0
2022-02-11 12:57:00-05:00,37.5099983215332,37.5099983215332,37.5099983215332,37.5,37.5,655.0
2022-02-11 12:58:00-05:00,,,,,,
2022-02-11 12:59:00-05:00,,,,,,
2022-02-11 13:00:00-05:00,,,,,,
2022-02-11 13:01:00-05:00,37.492000579833984,37.492000579833984,37.529998779296875,37.492000579833984,37.529998779296875,781.0
2022-02-11 13:02:00-05:00,,,,,,
2022-02-11 13:03:00-05:00,37.54130172729492,37.54130172729492,37.54130172729492,37.54130172729492,37.54130172729492,205.0
2022-02-11 13:04:00-05:00,,,,,,
2022-02-11 13:05:00-05:00,,,,,,
2022-02-11 13:06:00-05:00,,,,,,
2022-02-11 13:07:00-05:00,37.529998779296875,37.529998779296875,37.540000915527344,37.52000045776367,37.540000915527344,1614.0
2022-02-11 13:08:00-05:00,37.58000183105469,37.58000183105469,37.58000183105469,37.54999923706055,37.54999923706055,771.0
2022-02-11 13:09:00-05:00,,,,,,
2022-02-11 13:10:00-05:00,37.529998779296875,37.529998779296875,37.55099868774414,37.529998779296875,37.55099868774414,655.0
2022-02-11 13:11:00-05:00,,,,,,
2022-02-11 13:12:00-05:00,37.4900016784668,37.4900016784668,37.529998779296875,37.4900016784668,37.525001525878906,1724.0
2022-02-11 13:13:00-05:00,37.4900016784668,37.4900016784668,37.5099983215332,37.4900016784668,37.5099983215332,784.0
2022-02-11 13:14:00-05:00,37.52000045776367,37.52000045776367,37.52000045776367,37.52000045776367,37.52000045776367,531.0
2022-02-11 13:15:00-05:00,37.47999954223633,37.47999954223633,37.52000045776367,37.47999954223633,37.52000045776367,355.0
2022-02-11 13:16:00-05:00,37.5099983215332,37.5099983215332,37.5099983215332,37.5099983215332,37.5099983215332,283.0
2022-02-11 13:17:00-05:00,37.474998474121094,37.474998474121094,37.47999954223633,37.470001220703125,37.474998474121094,23214.0
2022-02-11 13:18:00-05:00,37.4900016784668,37.4900016784668,37.5,37.4900016784668,37.4900016784668,786.0
2022-02-11 13:19:00-05:00,37.470001220703125,37.470001220703125,37.48500061035156,37.470001220703125,37.48500061035156,713.0
2022-02-11 13:20:00-05:00,37.4900016784668,37.4900016784668,37.4900016784668,37.4900016784668,37.4900016784668,116.0
2022-02-11 13:21:00-05:00,37.5,37.5,37.5,37.5,37.5,547.0
2022-02-11 13:22:00-05:00,,,,,,
2022-02-11 13:23:00-05:00,,,,,,
2022-02-11 13:24:00-05:00,,,,,,
2022-02-11 13:25:00-05:00,37.459999084472656,37.459999084472656,37.52000045776367,37.459999084472656,37.52000045776367,3352.0
2022-02-11 13:26:00-05:00,37.439998626708984,37.439998626708984,37.47999954223633,37.40999984741211,37.47999954223633,1329.0
2022-02-11 13:27:00-05:00,37.45000076293945,37.45000076293945,37.45000076293945,37.45000076293945,37.45000076293945,100.0
2022-02-11 13:28:00-05:00,37.400001525878906,37.400001525878906,37.43000030517578,37.400001525878906,37.404998779296875,927.0
2022-02-11 13:29:00-05:00,,,,,,
2022-02-11 13:30:00-05:00,37.310001373291016,37.310001373291016,37.345001220703125,37.310001373291016,37.345001220703125,931.0
2022-02-11 13:31:00-05:00,37.2599983215332,37.2599983215332,37.290000915527344,37.2599983215332,37.27000045776367,838.0
2022-02-11 13:32:00-05:00,37.255001068115234,37.255001068115234,37.31999969482422,37.22999954223633,37.31999969482422,1277.0
2022-02-11 13:33:00-05:00,37.209999084472656,37.209999084472656,37.209999084472656,37.209999084472656,37.209999084472656,327.0
2022-02-11 13:34:00-05:00,37.25,37.25,37.25,37.20000076293945,37.20000076293945,460.0
2022-02-11 13:35:00-05:00,37.150001525878906,37.150001525878906,37.150001525878906,37.150001525878906,37.150001525878906,292.0
2022-02-11 13:36:00-05:00,37.16999816894531,37.16999816894531,37.16999816894531,37.16999816894531,37.16999816894531,202.0
2022-02-11 13:37:00-05:00,37.13999938964844,37.13999938964844,37.15999984741211,37.13999938964844,37.15999984741211,459.0
2022-02-11 13:38:00-05:00,37.119998931884766,37.119998931884766,37.119998931884766,37.099998474121094,37.099998474121094,1759.0
2022-02-11 13:39:00-05:00,,,,,,
2022-02-11 13:40:00-05:00,37.02000045776367,37.02000045776367,37.09000015258789,37.02000045776367,37.09000015258789,2700.0
2022-02-11 13:41:00-05:00,37.0,37.0,37.02000045776367,36.97999954223633,37.02000045776367,901.0
2022-02-11 13:42:00-05:00,36.97999954223633,36.97999954223633,37.005001068115234,36.970001220703125,37.005001068115234,643.0
2022-02-11 13:43:00-05:00,36.91999816894531,36.91999816894531,36.95000076293945,36.91999816894531,36.93000030517578,1322.0
2022-02-11 13:44:00-05:00,36.9900016784668,36.9900016784668,37.025001525878906,36.97999954223633,36.97999954223633,742.0
2022-02-11 13:45:00-05:00,36.88999938964844,36.88999938964844,36.88999938964844,36.88999938964844,36.88999938964844,490.0
2022-02-11 13:46:00-05:00,,,,,,
2022-02-11 13:47:00-05:00,36.92499923706055,36.92499923706055,36.97999954223633,36.84000015258789,36.88999938964844,10778.0
2022-02-11 13:48:00-05:00,36.95000076293945,36.95000076293945,36.95000076293945,36.95000076293945,36.95000076293945,362.0
2022-02-11 13:49:00-05:00,36.915401458740234,36.915401458740234,36.93000030517578,36.915401458740234,36.93000030517578,800.0
2022-02-11 13:50:00-05:00,36.900001525878906,36.900001525878906,36.95000076293945,36.869998931884766,36.95000076293945,1855.0
2022-02-11 13:51:00-05:00,36.90999984741211,36.90999984741211,36.90999984741211,36.90999984741211,36.90999984741211,225.0
2022-02-11 13:52:00-05:00,36.90999984741211,36.90999984741211,36.90999984741211,36.90999984741211,36.90999984741211,189.0
2022-02-11 13:53:00-05:00,36.959999084472656,36.959999084472656,36.959999084472656,36.959999084472656,36.959999084472656,229.0
2022-02-11 13:54:00-05:00,,,,,,
2022-02-11 13:55:00-05:00,36.935001373291016,36.935001373291016,36.97999954223633,36.91999816894531,36.95000076293945,1004.0
2022-02-11 13:56:00-05:00,36.880001068115234,36.880001068115234,36.880001068115234,36.86000061035156,36.880001068115234,397.0
2022-02-11 13:57:00-05:00,36.849998474121094,36.849998474121094,36.869998931884766,36.849998474121094,36.869998931884766,438.0
2022-02-11 13:58:00-05:00,,,,,,
2022-02-11 13:59:00-05:00,,,,,,
2022-02-11 14:00:00-05:00,36.869998931884766,36.869998931884766,36.869998931884766,36.869998931884766,36.869998931884766,517.0
2022-02-11 14:01:00-05:00,36.79999923706055,36.79999923706055,36.84000015258789,36.79999923706055,36.84000015258789,624.0
2022-02-11 14:02:00-05:00,36.689998626708984,36.689998626708984,36.779998779296875,36.689998626708984,36.779998779296875,3648.0
2022-02-11 14:03:00-05:00,36.75,36.75,36.75,36.75,36.75,127.0
2022-02-11 14:04:00-05:00,,,,,,
2022-02-11 14:05:00-05:00,36.7400016784668,36.7400016784668,36.775001525878906,36.7400016784668,36.775001525878906,828.0
2022-02-11 14:06:00-05:00,36.70000076293945,36.70000076293945,36.70000076293945,36.70000076293945,36.70000076293945,156.0
2022-02-11 14:07:00-05:00,36.79999923706055,36.79999923706055,36.79999923706055,36.7400016784668,36.7400016784668,863.0
2022-02-11 14:08:00-05:00,36.869998931884766,36.869998931884766,36.869998931884766,36.849998474121094,36.849998474121094,607.0
2022-02-11 14:09:00-05:00,36.880001068115234,36.880001068115234,36.880001068115234,36.880001068115234,36.880001068115234,254.0
2022-02-11 14:10:00-05:00,36.88999938964844,36.88999938964844,36.88999938964844,36.88999938964844,36.88999938964844,385.0
2022-02-11 14:11:00-05:00,36.959999084472656,36.959999084472656,37.005001068115234,36.959999084472656,37.005001068115234,470.0
2022-02-11 14:12:00-05:00,36.95000076293945,36.95000076293945,36.95000076293945,36.95000076293945,36.95000076293945,794.0
2022-02-11 14:13:00-05:00,,,,,,
2022-02-11 14:14:00-05:00,36.994998931884766,36.994998931884766,36.994998931884766,36.994998931884766,36.994998931884766,114.0
2022-02-11 14:15:00-05:00,37.029998779296875,37.029998779296875,37.029998779296875,37.029998779296875,37.029998779296875,541.0
2022-02-11 14:16:00-05:00,,,,,,
2022-02-11 14:17:00-05:00,,,,,,
2022-02-11 14:18:00-05:00,,,,,,
2022-02-11 14:19:00-05:00,37.09000015258789,37.09000015258789,37.13999938964844,37.09000015258789,37.13999938964844,2915.0
2022-02-11 14:20:00-05:00,,,,,,
2022-02-11 14:21:00-05:00,,,,,,
2022-02-11 14:22:00-05:00,,,,,,
2022-02-11 14:23:00-05:00,,,,,,
2022-02-11 14:24:00-05:00,37.11000061035156,37.11000061035156,37.130001068115234,37.099998474121094,37.130001068115234,1520.0
2022-02-11 14:25:00-05:00,,,,,,
2022-02-11 14:26:00-05:00,37.0099983215332,37.0099983215332,37.040000915527344,37.0099983215332,37.040000915527344,350.0
2022-02-11 14:27:00-05:00,,,,,,
2022-02-11 14:28:00-05:00,,,,,,
2022-02-11 14:29:00-05:00,36.95000076293945,36.95000076293945,36.95000076293945,36.93000030517578,36.95000076293945,788.0
2022-02-11 14:30:00-05:00,36.970001220703125,36.970001220703125,36.9900016784668,36.959999084472656,36.97999954223633,1278.0
2022-02-11 14:31:00-05:00,36.92499923706055,36.92499923706055,36.92499923706055,36.92499923706055,36.92499923706055,6831.0
2022-02-11 14:32:00-05:00,36.959999084472656,36.959999084472656,36.959999084472656,36.90999984741211,36.90999984741211,699.0
2022-02-11 14:33:00-05:00,,,,,,
2022-02-11 14:34:00-05:00,37.130001068115234,37.130001068115234,37.130001068115234,37.130001068115234,37.130001068115234,425.0
2022-02-11 14:35:00-05:00,37.08000183105469,37.08000183105469,37.125,37.060001373291016,37.09000015258789,1839.0
2022-02-11 14:36:00-05:00,,,,,,
2022-02-11 14:37:00-05:00,,,,,,
2022-02-11 14:38:00-05:00,,,,,,
2022-02-11 14:39:00-05:00,37.07500076293945,37.07500076293945,37.07500076293945,37.07500076293945,37.07500076293945,100.0
2022-02-11 14:40:00-05:00,37.029998779296875,37.029998779296875,37.08000183105469,37.025001525878906,37.08000183105469,1100.0
2022-02-11 14:41:00-05:00,,,,,,
2022-02-11 14:42:00-05:00,36.939998626708984,36.939998626708984,37.02000045776367,36.939998626708984,37.02000045776367,837.0
2022-02-11 14:43:00-05:00,37.02000045776367,37.02000045776367,37.02000045776367,37.0,37.0,435.0
2022-02-11 14:44:00-05:00,36.939998626708984,36.939998626708984,36.97999954223633,36.939998626708984,36.97999954223633,669.0
2022-02-11 14:45:00-05:00,,,,,,
2022-02-11 14:46:00-05:00,,,,,,
2022-02-11 14:47:00-05:00,36.939998626708984,36.939998626708984,36.95000076293945,36.939998626708984,36.95000076293945,621.0
2022-02-11 14:48:00-05:00,36.90999984741211,36.90999984741211,36.90999984741211,36.90999984741211,36.90999984741211,326.0
2022-02-11 14:49:00-05:00,36.94499969482422,36.94499969482422,36.94499969482422,36.935001373291016,36.935001373291016,216.0
2022-02-11 14:50:00-05:00,36.849998474121094,36.849998474121094,36.90999984741211,36.849998474121094,36.90999984741211,680.0
2022-02-11 14:51:00-05:00,36.83000183105469,36.83000183105469,36.84000015258789,36.83000183105469,36.84000015258789,501.0
2022-02-11 14:52:00-05:00,36.79999923706055,36.79999923706055,36.79999923706055,36.779998779296875,36.779998779296875,542.0
2022-02-11 14:53:00-05:00,36.84000015258789,36.84000015258789,36.84000015258789,36.84000015258789,36.84000015258789,176.0
2022-02-11 14:54:00-05:00,36.810001373291016,36.810001373291016,36.810001373291016,36.810001373291016,36.810001373291016,100.0
2022-02-11 14:55:00-05:00,36.849998474121094,36.849998474121094,36.849998474121094,36.849998474121094,36.849998474121094,765.0
2022-02-11 14:56:00-05:00,36.779998779296875,36.779998779296875,36.779998779296875,36.779998779296875,36.779998779296875,443.0
2022-02-11 14:57:00-05:00,36.81999969482422,36.81999969482422,36.84000015258789,36.81999969482422,36.81999969482422,2444.0
2022-02-11 14:58:00-05:00,36.85499954223633,36.85499954223633,36.85499954223633,36.834999084472656,36.834999084472656,693.0
2022-02-11 14:59:00-05:00,36.869998931884766,36.869998931884766,36.869998931884766,36.779998779296875,36.79999923706055,4710.0
2022-02-11 15:00:00-05:00,,,,,,
2022-02-11 15:01:00-05:00,36.970001220703125,36.970001220703125,37.0,36.970001220703125,36.970001220703125,1959.0
2022-02-11 15:02:00-05:00,36.869998931884766,36.869998931884766,36.97999954223633,36.869998931884766,36.97999954223633,1166.0
2022-02-11 15:03:00-05:00,36.974998474121094,36.974998474121094,36.974998474121094,36.88999938964844,36.88999938964844,718.0
2022-02-11 15:04:00-05:00,,,,,,
2022-02-11 15:05:00-05:00,37.0099983215332,37.0099983215332,37.025001525878906,37.0099983215332,37.025001525878906,961.0
2022-02-11 15:06:00-05:00,36.959999084472656,36.959999084472656,37.0,36.91999816894531,36.97999954223633,1661.0
2022-02-11 15:07:00-05:00,36.88999938964844,36.88999938964844,36.939998626708984,36.88999938964844,36.939998626708984,335.0
2022-02-11 15:08:00-05:00,36.91999816894531,36.91999816894531,36.91999816894531,36.91999816894531,36.91999816894531,279.0
2022-02-11 15:09:00-05:00,36.86000061035156,36.86000061035156,36.86000061035156,36.849998474121094,36.86000061035156,3321.0
2022-02-11 15:10:00-05:00,,,,,,
2022-02-11 15:11:00-05:00,36.849998474121094,36.849998474121094,36.849998474121094,36.849998474121094,36.849998474121094,243.0
2022-02-11 15:12:00-05:00,36.86000061035156,36.86000061035156,36.86000061035156,36.810001373291016,36.81999969482422,796.0
2022-02-11 15:13:00-05:00,36.849998474121094,36.849998474121094,36.849998474121094,36.849998474121094,36.849998474121094,866.0
2022-02-11 15:14:00-05:00,,,,,,
2022-02-11 15:15:00-05:00,36.91999816894531,36.91999816894531,36.91999816894531,36.88999938964844,36.88999938964844,855.0
2022-02-11 15:16:00-05:00,36.90999984741211,36.90999984741211,36.90999984741211,36.880001068115234,36.880001068115234,395.0
2022-02-11 15:17:00-05:00,36.84000015258789,36.84000015258789,36.849998474121094,36.810001373291016,36.849998474121094,1107.0
2022-02-11 15:18:00-05:00,36.81999969482422,36.81999969482422,36.81999969482422,36.77000045776367,36.779998779296875,716.0
2022-02-11 15:19:00-05:00,36.83000183105469,36.83000183105469,36.849998474121094,36.83000183105469,36.849998474121094,885.0
2022-02-11 15:20:00-05:00,36.779998779296875,36.779998779296875,36.790000915527344,36.7400016784668,36.790000915527344,3745.0
2022-02-11 15:21:00-05:00,,,,,,
2022-02-11 15:22:00-05:00,36.849998474121094,36.849998474121094,36.8650016784668,36.849998474121094,36.8650016784668,1190.0
2022-02-11 15:23:00-05:00,,,,,,
2022-02-11 15:24:00-05:00,36.849998474121094,36.849998474121094,36.849998474121094,36.834999084472656,36.849998474121094,1355.0
2022-02-11 15:25:00-05:00,,,,,,
2022-02-11 15:26:00-05:00,,,,,,
2022-02-11 15:27:00-05:00,36.90999984741211,36.90999984741211,36.91999816894531,36.909000396728516,36.91999816894531,825.0
2022-02-11 15:28:00-05:00,36.93000030517578,36.93000030517578,36.93000030517578,36.93000030517578,36.93000030517578,106.0
2022-02-11 15:29:00-05:00,,,,,,
2022-02-11 15:30:00-05:00,36.93000030517578,36.93000030517578,36.95000076293945,36.93000030517578,36.95000076293945,429.0
2022-02-11 15:31:00-05:00,36.83000183105469,36.83000183105469,36.93000030517578,36.83000183105469,36.93000030517578,4567.0
2022-02-11 15:32:00-05:00,36.808998107910156,36.808998107910156,36.84000015258789,36.779998779296875,36.81999969482422,1569.0
2022-02-11 15:33:00-05:00,36.84000015258789,36.84000015258789,36.84000015258789,36.84000015258789,36.84000015258789,110.0
2022-02-11 15:34:00-05:00,36.880001068115234,36.880001068115234,36.880001068115234,36.849998474121094,36.849998474121094,1331.0
2022-02-11 15:35:00-05:00,36.86000061035156,36.86000061035156,36.869998931884766,36.81999969482422,36.86000061035156,3474.0
2022-02-11 15:36:00-05:00,36.869998931884766,36.869998931884766,36.88999938964844,36.849998474121094,36.88999938964844,1938.0
2022-02-11 15:37:00-05:00,36.86000061035156,36.86000061035156,36.86000061035156,36.845001220703125,36.845001220703125,478.0
2022-02-11 15:38:00-05:00,36.83000183105469,36.83000183105469,36.849998474121094,36.79999923706055,36.79999923706055,1163.0
2022-02-11 15:39:00-05:00,36.81999969482422,36.81999969482422,36.81999969482422,36.779998779296875,36.810001373291016,1671.0
2022-02-11 15:40:00-05:00,36.720001220703125,36.720001220703125,36.77000045776367,36.71900177001953,36.7599983215332,1551.0
2022-02-11 15:41:00-05:00,36.77000045776367,36.77000045776367,36.77000045776367,36.71500015258789,36.720001220703125,2062.0
2022-02-11 15:42:00-05:00,36.73249816894531,36.73249816894531,36.755001068115234,36.73249816894531,36.755001068115234,590.0
2022-02-11 15:43:00-05:00,36.84000015258789,36.84000015258789,36.84000015258789,36.75,36.75,722.0
2022-02-11 15:44:00-05:00,36.84000015258789,36.84000015258789,36.849998474121094,36.84000015258789,36.849998474121094,1935.0
2022-02-11 15:45:00-05:00,36.869998931884766,36.869998931884766,36.869998931884766,36.83000183105469,36.83000183105469,918.0
2022-02-11 15:46:00-05:00,36.869998931884766,36.869998931884766,36.900001525878906,36.869998931884766,36.88999938964844,2093.0
2022-02-11 15:47:00-05:00,36.959999084472656,36.959999084472656,36.97999954223633,36.849998474121094,36.88999938964844,1491.0
2022-02-11 15:48:00-05:00,36.970001220703125,36.970001220703125,36.970001220703125,36.970001220703125,36.970001220703125,144.0
2022-02-11 15:49:00-05:00,37.029998779296875,37.029998779296875,37.029998779296875,37.0,37.0,1209.0
2022-02-11 15:50:00-05:00,36.869998931884766,36.869998931884766,37.02000045776367,36.869998931884766,37.02000045776367,6008.0
2022-02-11 15:51:00-05:00,36.939998626708984,36.939998626708984,36.939998626708984,36.900001525878906,36.900001525878906,2038.0
2022-02-11 15:52:00-05:00,36.91999816894531,36.91999816894531,36.95000076293945,36.915000915527344,36.915000915527344,996.0
2022-02-11 15:53:00-05:00,36.900001525878906,36.900001525878906,36.95500183105469,36.900001525878906,36.935001373291016,1904.0
2022-02-11 15:54:00-05:00,36.88999938964844,36.88999938964844,36.90999984741211,36.84000015258789,36.90999984741211,3319.0
2022-02-11 15:55:00-05:00,37.0,37.0,37.0099983215332,36.88999938964844,36.88999938964844,4369.0
2022-02-11 15:56:00-05:00,36.93000030517578,36.93000030517578,37.0099983215332,36.90999984741211,36.994998931884766,2005.0
2022-02-11 15:57:00-05:00,37.005001068115234,37.005001068115234,37.02000045776367,36.91999816894531,36.93000030517578,6077.0
2022-02-11 15:58:00-05:00,37.02000045776367,37.02000045776367,37.040000915527344,37.0,37.005001068115234,4225.0
2022-02-11 15:59:00-05:00,37.02000045776367,37.02000045776367,37.04999923706055,36.97999954223633,37.0,11070.0
2022-02-14 09:30:00-05:00,37.349998474121094,37.349998474121094,37.349998474121094,37.16999816894531,37.16999816894531,1128.0
2022-02-14 09:31:00-05:00,,,,,,
2022-02-14 09:32:00-05:00,,,,,,
2022-02-14 09:33:00-05:00,,,,,,
2022-02-14 09:34:00-05:00,,,,,,
2022-02-14 09:35:00-05:00,,,,,,
2022-02-14 09:36:00-05:00,,,,,,
2022-02-14 09:37:00-05:00,,,,,,
2022-02-14 09:38:00-05:00,,,,,,
2022-02-14 09:39:00-05:00,,,,,,
2022-02-14 09:40:00-05:00,37.20000076293945,37.20000076293945,37.33000183105469,37.20000076293945,37.31999969482422,1891.0
2022-02-14 09:41:00-05:00,37.38999938964844,37.38999938964844,37.38999938964844,37.380001068115234,37.380001068115234,383.0
2022-02-14 09:42:00-05:00,37.38999938964844,37.38999938964844,37.38999938964844,37.38999938964844,37.38999938964844,104.0
2022-02-14 09:43:00-05:00,37.31999969482422,37.31999969482422,37.31999969482422,37.31999969482422,37.31999969482422,200.0
2022-02-14 09:44:00-05:00,,,,,,
2022-02-14 09:45:00-05:00,37.29999923706055,37.29999923706055,37.29999923706055,37.29999923706055,37.29999923706055,272.0
2022-02-14 09:46:00-05:00,37.209999084472656,37.209999084472656,37.2400016784668,37.209999084472656,37.220001220703125,1678.0
2022-02-14 09:47:00-05:00,,,,,,
2022-02-14 09:48:00-05:00,37.16999816894531,37.16999816894531,37.16999816894531,37.16999816894531,37.16999816894531,282.0
2022-02-14 09:49:00-05:00,37.2400016784668,37.2400016784668,37.2400016784668,37.13999938964844,37.20000076293945,3574.0
2022-02-14 09:50:00-05:00,,,,,,
2022-02-14 09:51:00-05:00,,,,,,
2022-02-14 09:52:00-05:00,,,,,,
2022-02-14 09:53:00-05:00,,,,,,
2022-02-14 09:54:00-05:00,37.25,37.25,37.25,37.25,37.25,103.0
2022-02-14 09:55:00-05:00,,,,,,
2022-02-14 09:56:00-05:00,37.2599983215332,37.2599983215332,37.2599983215332,37.2599983215332,37.2599983215332,111.0
2022-02-14 09:57:00-05:00,37.16999816894531,37.16999816894531,37.20000076293945,37.16999816894531,37.20000076293945,962.0
2022-02-14 09:58:00-05:00,37.16999816894531,37.16999816894531,37.16999816894531,37.16999816894531,37.16999816894531,253.0
2022-02-14 09:59:00-05:00,,,,,,
2022-02-14 10:00:00-05:00,,,,,,
2022-02-14 10:01:00-05:00,37.0099983215332,37.0099983215332,37.0099983215332,37.0099983215332,37.0099983215332,185.0
2022-02-14 10:02:00-05:00,,,,,,
2022-02-14 10:03:00-05:00,,,,,,
2022-02-14 10:04:00-05:00,37.02000045776367,37.02000045776367,37.02000045776367,37.0,37.0,368.0
2022-02-14 10:05:00-05:00,,,,,,
2022-02-14 10:06:00-05:00,,,,,,
2022-02-14 10:07:00-05:00,37.040000915527344,37.040000915527344,37.040000915527344,37.029998779296875,37.029998779296875,617.0
2022-02-14 10:08:00-05:00,,,,,,
2022-02-14 10:09:00-05:00,,,,,,
2022-02-14 10:10:00-05:00,,,,,,
2022-02-14 10:11:00-05:00,37.163299560546875,37.163299560546875,37.163299560546875,37.163299560546875,37.163299560546875,479.0
2022-02-14 10:12:00-05:00,,,,,,
2022-02-14 10:13:00-05:00,,,,,,
2022-02-14 10:14:00-05:00,37.15999984741211,37.15999984741211,37.15999984741211,37.15999984741211,37.15999984741211,307.0
2022-02-14 10:15:00-05:00,36.970001220703125,36.970001220703125,37.064998626708984,36.970001220703125,37.060001373291016,1562.0
2022-02-14 10:16:00-05:00,,,,,,
2022-02-14 10:17:00-05:00,36.959999084472656,36.959999084472656,36.959999084472656,36.959999084472656,36.959999084472656,248.0
2022-02-14 10:18:00-05:00,,,,,,
2022-02-14 10:19:00-05:00,,,,,,
2022-02-14 10:20:00-05:00,37.040000915527344,37.040000915527344,37.040000915527344,37.02000045776367,37.029998779296875,1846.0
2022-02-14 10:21:00-05:00,,,,,,
2022-02-14 10:22:00-05:00,36.9900016784668,36.9900016784668,36.9900016784668,36.9900016784668,36.9900016784668,231.0
2022-02-14 10:23:00-05:00,37.06999969482422,37.06999969482422,37.06999969482422,37.06999969482422,37.06999969482422,600.0
2022-02-14 10:24:00-05:00,37.099998474121094,37.099998474121094,37.099998474121094,37.099998474121094,37.099998474121094,123.0
2022-02-14 10:25:00-05:00,37.06999969482422,37.06999969482422,37.06999969482422,37.06999969482422,37.06999969482422,100.0
2022-02-14 10:26:00-05:00,37.0099983215332,37.0099983215332,37.0099983215332,37.0099983215332,37.0099983215332,167.0
2022-02-14 10:27:00-05:00,37.0099983215332,37.0099983215332,37.0099983215332,37.0099983215332,37.0099983215332,154.0
2022-02-14 10:28:00-05:00,37.029998779296875,37.029998779296875,37.029998779296875,36.994998931884766,36.994998931884766,215.0
2022-02-14 10:29:00-05:00,36.9900016784668,36.9900016784668,37.04999923706055,36.9900016784668,37.040000915527344,927.0
2022-02-14 10:30:00-05:00,37.040000915527344,37.040000915527344,37.04999923706055,37.029998779296875,37.029998779296875,909.0
2022-02-14 10:31:00-05:00,37.029998779296875,37.029998779296875,37.029998779296875,36.9900016784668,37.0,1416.0
2022-02-14 10:32:00-05:00,37.04999923706055,37.04999923706055,37.04999923706055,37.02000045776367,37.029998779296875,1645.0
2022-02-14 10:33:00-05:00,37.06999969482422,37.06999969482422,37.06999969482422,37.06999969482422,37.06999969482422,109.0
2022-02-14 10:34:00-05:00,37.060001373291016,37.060001373291016,37.099998474121094,37.060001373291016,37.099998474121094,417.0
2022-02-14 10:35:00-05:00,37.040000915527344,37.040000915527344,37.04999923706055,37.040000915527344,37.04999923706055,900.0
2022-02-14 10:36:00-05:00,,,,,,
2022-02-14 10:37:00-05:00,37.040000915527344,37.040000915527344,37.040000915527344,37.03499984741211,37.03499984741211,410.0
2022-02-14 10:38:00-05:00,37.04999923706055,37.04999923706055,37.04999923706055,37.02000045776367,37.040000915527344,1551.0
2022-02-14 10:39:00-05:00,37.04999923706055,37.04999923706055,37.060001373291016,37.04999923706055,37.060001373291016,1317.0
2022-02-14 10:40:00-05:00,,,,,,
2022-02-14 10:41:00-05:00,,,,,,
2022-02-14 10:42:00-05:00,,,,,,
2022-02-14 10:43:00-05:00,37.099998474121094,37.099998474121094,37.099998474121094,37.08000183105469,37.08000183105469,285.0
2022-02-14 10:44:00-05:00,,,,,,
2022-02-14 10:45:00-05:00,37.02000045776367,37.02000045776367,37.02000045776367,37.02000045776367,37.02000045776367,188.0
2022-02-14 10:46:00-05:00,,,,,,
2022-02-14 10:47:00-05:00,37.029998779296875,37.029998779296875,37.029998779296875,37.0099983215332,37.0099983215332,590.0
2022-02-14 10:48:00-05:00,37.03499984741211,37.03499984741211,37.03499984741211,37.0099983215332,37.02000045776367,801.0
2022-02-14 10:49:00-05:00,37.01250076293945,37.01250076293945,37.03499984741211,37.0,37.0099983215332,1442.0
2022-02-14 10:50:00-05:00,37.04499816894531,37.04499816894531,37.04499816894531,37.04499816894531,37.04499816894531,100.0
2022-02-14 10:51:00-05:00,37.02000045776367,37.02000045776367,37.02000045776367,36.9900016784668,37.0,823.0
2022-02-14 10:52:00-05:00,37.02000045776367,37.02000045776367,37.02000045776367,37.02000045776367,37.02000045776367,400.0
2022-02-14 10:53:00-05:00,37.005001068115234,37.005001068115234,37.0099983215332,36.9900016784668,36.9900016784668,674.0
2022-02-14 10:54:00-05:00,37.0099983215332,37.0099983215332,37.040000915527344,37.0099983215332,37.03499984741211,1633.0
2022-02-14 10:55:00-05:00,37.06999969482422,37.06999969482422,37.06999969482422,37.06999969482422,37.06999969482422,978.0
2022-02-14 10:56:00-05:00,37.029998779296875,37.029998779296875,37.06999969482422,37.029998779296875,37.060001373291016,963.0
2022-02-14 10:57:00-05:00,36.974998474121094,36.974998474121094,37.03499984741211,36.93090057373047,37.03499984741211,5094.0
2022-02-14 10:58:00-05:00,36.959999084472656,36.959999084472656,36.959999084472656,36.959999084472656,36.959999084472656,158.0
2022-02-14 10:59:00-05:00,36.97999954223633,36.97999954223633,36.97999954223633,36.959999084472656,36.97999954223633,1106.0
2022-02-14 11:00:00-05:00,36.974998474121094,36.974998474121094,37.0099983215332,36.974998474121094,36.9900016784668,1289.0
2022-02-14 11:01:00-05:00,,,,,,
2022-02-14 11:02:00-05:00,37.04499816894531,37.04499816894531,37.04999923706055,37.029998779296875,37.029998779296875,634.0
2022-02-14 11:03:00-05:00,37.040000915527344,37.040000915527344,37.040000915527344,37.02000045776367,37.02000045776367,299.0
2022-02-14 11:04:00-05:00,37.05500030517578,37.05500030517578,37.05500030517578,37.05500030517578,37.05500030517578,218.0
2022-02-14 11:05:00-05:00,37.02000045776367,37.02000045776367,37.04999923706055,37.02000045776367,37.04999923706055,301.0
2022-02-14 11:06:00-05:00,36.9900016784668,36.9900016784668,36.9900016784668,36.9900016784668,36.9900016784668,135.0
2022-02-14 11:07:00-05:00,,,,,,
2022-02-14 11:08:00-05:00,37.005001068115234,37.005001068115234,37.005001068115234,37.005001068115234,37.005001068115234,180.0
2022-02-14 11:09:00-05:00,37.01499938964844,37.01499938964844,37.01499938964844,36.9900016784668,36.9900016784668,431.0
2022-02-14 11:10:00-05:00,37.04999923706055,37.04999923706055,37.060001373291016,37.040000915527344,37.040000915527344,1417.0
2022-02-14 11:11:00-05:00,,,,,,
2022-02-14 11:12:00-05:00,37.02000045776367,37.02000045776367,37.02000045776367,37.02000045776367,37.02000045776367,100.0
2022-02-14 11:13:00-05:00,,,,,,
2022-02-14 11:14:00-05:00,37.01499938964844,37.01499938964844,37.01499938964844,37.01499938964844,37.01499938964844,100.0
2022-02-14 11:15:00-05:00,36.994998931884766,36.994998931884766,37.01499938964844,36.994998931884766,37.01499938964844,969.0
2022-02-14 11:16:00-05:00,37.0099983215332,37.0099983215332,37.0099983215332,37.0099983215332,37.0099983215332,735.0
2022-02-14 11:17:00-05:00,37.04999923706055,37.04999923706055,37.04999923706055,37.04999923706055,37.04999923706055,129.0
2022-02-14 11:18:00-05:00,37.0099983215332,37.0099983215332,37.04999923706055,37.0099983215332,37.029998779296875,1784.0
2022-02-14 11:19:00-05:00,37.02000045776367,37.02000045776367,37.02000045776367,37.02000045776367,37.02000045776367,354.0
2022-02-14 11:20:00-05:00,,,,,,
2022-02-14 11:21:00-05:00,37.0,37.0,37.02000045776367,37.0,37.02000045776367,1185.0
2022-02-14 11:22:00-05:00,37.0099983215332,37.0099983215332,37.0099983215332,37.0099983215332,37.0099983215332,2054.0
2022-02-14 11:23:00-05:00,37.0099983215332,37.0099983215332,37.029998779296875,37.0099983215332,37.02000045776367,2105.0
2022-02-14 11:24:00-05:00,37.0099983215332,37.0099983215332,37.0099983215332,37.0099983215332,37.0099983215332,101.0
2022-02-14 11:25:00-05:00,37.0099983215332,37.0099983215332,37.01499938964844,36.970001220703125,37.0099983215332,1556.0
2022-02-14 11:26:00-05:00,,,,,,
2022-02-14 11:27:00-05:00,,,,,,
2022-02-14 11:28:00-05:00,,,,,,
2022-02-14 11:29:00-05:00,,,,,,
2022-02-14 11:30:00-05:00,,,,,,
2022-02-14 11:31:00-05:00,37.08000183105469,37.08000183105469,37.08000183105469,37.05500030517578,37.05500030517578,214.0
2022-02-14 11:32:00-05:00,37.08000183105469,37.08000183105469,37.08000183105469,37.08000183105469,37.08000183105469,102.0
2022-02-14 11:33:00-05:00,37.060001373291016,37.060001373291016,37.08000183105469,37.0099983215332,37.04999923706055,1490.0
2022-02-14 11:34:00-05:00,,,,,,
2022-02-14 11:35:00-05:00,,,,,,
2022-02-14 11:36:00-05:00,,,,,,
2022-02-14 11:37:00-05:00,,,,,,
2022-02-14 11:38:00-05:00,,,,,,
2022-02-14 11:39:00-05:00,37.11000061035156,37.11000061035156,37.11000061035156,37.08000183105469,37.08000183105469,425.0
2022-02-14 11:40:00-05:00,,,,,,
2022-02-14 11:41:00-05:00,37.11000061035156,37.11000061035156,37.119998931884766,37.11000061035156,37.119998931884766,361.0
2022-02-14 11:42:00-05:00,,,,,,
2022-02-14 11:43:00-05:00,37.150001525878906,37.150001525878906,37.150001525878906,37.150001525878906,37.150001525878906,225.0
2022-02-14 11:44:00-05:00,,,,,,
2022-02-14 11:45:00-05:00,37.150001525878906,37.150001525878906,37.150001525878906,37.150001525878906,37.150001525878906,126.0
2022-02-14 11:46:00-05:00,37.13999938964844,37.13999938964844,37.150001525878906,37.13999938964844,37.150001525878906,381.0
2022-02-14 11:47:00-05:00,,,,,,
2022-02-14 11:48:00-05:00,37.1349983215332,37.1349983215332,37.13999938964844,37.130001068115234,37.130001068115234,705.0
2022-02-14 11:49:00-05:00,37.13999938964844,37.13999938964844,37.15999984741211,37.13999938964844,37.15999984741211,425.0
2022-02-14 11:50:00-05:00,37.13759994506836,37.13759994506836,37.13759994506836,37.13759994506836,37.13759994506836,134.0
2022-02-14 11:51:00-05:00,37.119998931884766,37.119998931884766,37.119998931884766,37.119998931884766,37.119998931884766,547.0
2022-02-14 11:52:00-05:00,,,,,,
2022-02-14 11:53:00-05:00,,,,,,
2022-02-14 11:54:00-05:00,,,,,,
2022-02-14 11:55:00-05:00,,,,,,
2022-02-14 11:56:00-05:00,37.099998474121094,37.099998474121094,37.099998474121094,37.099998474121094,37.099998474121094,667.0
2022-02-14 11:57:00-05:00,,,,,,
2022-02-14 11:58:00-05:00,,,,,,
2022-02-14 11:59:00-05:00,,,,,,
2022-02-14 12:00:00-05:00,,,,,,
2022-02-14 12:01:00-05:00,,,,,,
2022-02-14 12:02:00-05:00,,,,,,
2022-02-14 12:03:00-05:00,37.099998474121094,37.099998474121094,37.130001068115234,37.099998474121094,37.130001068115234,574.0
2022-02-14 12:04:00-05:00,,,,,,
2022-02-14 12:05:00-05:00,37.08000183105469,37.08000183105469,37.09000015258789,37.08000183105469,37.09000015258789,439.0
2022-02-14 12:06:00-05:00,,,,,,
2022-02-14 12:07:00-05:00,,,,,,
2022-02-14 12:08:00-05:00,37.12350082397461,37.12350082397461,37.12350082397461,37.12350082397461,37.12350082397461,305.0
2022-02-14 12:09:00-05:00,,,,,,
2022-02-14 12:10:00-05:00,,,,,,
2022-02-14 12:11:00-05:00,,,,,,
2022-02-14 12:12:00-05:00,37.029998779296875,37.029998779296875,37.029998779296875,37.029998779296875,37.029998779296875,180.0
2022-02-14 12:13:00-05:00,,,,,,
2022-02-14 12:14:00-05:00,,,,,,
2022-02-14 12:15:00-05:00,37.040000915527344,37.040000915527344,37.040000915527344,37.040000915527344,37.040000915527344,219.0
2022-02-14 12:16:00-05:00,,,,,,
2022-02-14 12:17:00-05:00,37.040000915527344,37.040000915527344,37.040000915527344,37.040000915527344,37.040000915527344,154.0
2022-02-14 12:18:00-05:00,,,,,,
2022-02-14 12:19:00-05:00,37.040000915527344,37.040000915527344,37.040000915527344,37.040000915527344,37.040000915527344,176.0
2022-02-14 12:20:00-05:00,,,,,,
2022-02-14 12:21:00-05:00,,,,,,
2022-02-14 12:22:00-05:00,37.060001373291016,37.060001373291016,37.060001373291016,37.040000915527344,37.040000915527344,255.0
2022-02-14 12:23:00-05:00,,,,,,
2022-02-14 12:24:00-05:00,37.09000015258789,37.09000015258789,37.09000015258789,37.08000183105469,37.08000183105469,537.0
2022-02-14 12:25:00-05:00,,,,,,
2022-02-14 12:26:00-05:00,,,,,,
2022-02-14 12:27:00-05:00,37.119998931884766,37.119998931884766,37.119998931884766,37.119998931884766,37.119998931884766,377.0
2022-02-14 12:28:00-05:00,,,,,,
2022-02-14 12:29:00-05:00,,,,,,
2022-02-14 12:30:00-05:00,37.130001068115234,37.130001068115234,37.13999938964844,37.130001068115234,37.130001068115234,906.0
2022-02-14 12:31:00-05:00,37.130001068115234,37.130001068115234,37.130001068115234,37.119998931884766,37.119998931884766,397.0
2022-02-14 12:32:00-05:00,,,,,,
2022-02-14 12:33:00-05:00,37.125,37.125,37.130001068115234,37.11000061035156,37.11000061035156,2072.0
2022-02-14 12:34:00-05:00,,,,,,
2022-02-14 12:35:00-05:00,,,,,,
2022-02-14 12:36:00-05:00,,,,,,
2022-02-14 12:37:00-05:00,,,,,,
2022-02-14 12:38:00-05:00,,,,,,
2022-02-14 12:39:00-05:00,,,,,,
2022-02-14 12:40:00-05:00,,,,,,
2022-02-14 12:41:00-05:00,,,,,,
2022-02-14 12:42:00-05:00,37.150001525878906,37.150001525878906,37.150001525878906,37.13999938964844,37.13999938964844,516.0
2022-02-14 12:43:00-05:00,,,,,,
2022-02-14 12:44:00-05:00,37.189998626708984,37.189998626708984,37.220001220703125,37.189998626708984,37.220001220703125,257.0
2022-02-14 12:45:00-05:00,37.182498931884766,37.182498931884766,37.182498931884766,37.16999816894531,37.16999816894531,846.0
2022-02-14 12:46:00-05:00,37.16230010986328,37.16230010986328,37.16230010986328,37.16230010986328,37.16230010986328,619.0
2022-02-14 12:47:00-05:00,,,,,,
2022-02-14 12:48:00-05:00,,,,,,
2022-02-14 12:49:00-05:00,,,,,,
2022-02-14 12:50:00-05:00,,,,,,
2022-02-14 12:51:00-05:00,,,,,,
2022-02-14 12:52:00-05:00,,,,,,
2022-02-14 12:53:00-05:00,,,,,,
2022-02-14 12:54:00-05:00,,,,,,
2022-02-14 12:55:00-05:00,,,,,,
2022-02-14 12:56:00-05:00,37.13999938964844,37.13999938964844,37.150001525878906,37.13999938964844,37.150001525878906,956.0
2022-02-14 12:57:00-05:00,,,,,,
2022-02-14 12:58:00-05:00,,,,,,
2022-02-14 12:59:00-05:00,37.15999984741211,37.15999984741211,37.15999984741211,37.15999984741211,37.15999984741211,310.0
2022-02-14 13:00:00-05:00,,,,,,
2022-02-14 13:01:00-05:00,,,,,,
2022-02-14 13:02:00-05:00,37.150001525878906,37.150001525878906,37.150001525878906,37.130001068115234,37.130001068115234,1031.0
2022-02-14 13:03:00-05:00,,,,,,
2022-02-14 13:04:00-05:00,,,,,,
2022-02-14 13:05:00-05:00,37.189998626708984,37.189998626708984,37.189998626708984,37.189998626708984,37.189998626708984,761.0
2022-02-14 13:06:00-05:00,,,,,,
2022-02-14 13:07:00-05:00,37.20000076293945,37.20000076293945,37.20000076293945,37.20000076293945,37.20000076293945,345.0
2022-02-14 13:08:00-05:00,,,,,,
2022-02-14 13:09:00-05:00,,,,,,
2022-02-14 13:10:00-05:00,,,,,,
2022-02-14 13:11:00-05:00,37.220001220703125,37.220001220703125,37.220001220703125,37.220001220703125,37.220001220703125,487.0
2022-02-14 13:12:00-05:00,,,,,,
2022-02-14 13:13:00-05:00,,,,,,
2022-02-14 13:14:00-05:00,,,,,,
2022-02-14 13:15:00-05:00,,,,,,
2022-02-14 13:16:00-05:00,37.22999954223633,37.22999954223633,37.22999954223633,37.22999954223633,37.22999954223633,1149.0
2022-02-14 13:17:00-05:00,,,,,,
2022-02-14 13:18:00-05:00,,,,,,
2022-02-14 13:19:00-05:00,,,,,,
2022-02-14 13:20:00-05:00,,,,,,
2022-02-14 13:21:00-05:00,,,,,,
2022-02-14 13:22:00-05:00,,,,,,
2022-02-14 13:23:00-05:00,,,,,,
2022-02-14 13:24:00-05:00,,,,,,
2022-02-14 13:25:00-05:00,,,,,,
2022-02-14 13:26:00-05:00,,,,,,
2022-02-14 13:27:00-05:00,,,,,,
2022-02-14 13:28:00-05:00,,,,,,
2022-02-14 13:29:00-05:00,,,,,,
2022-02-14 13:30:00-05:00,37.11000061035156,37.11000061035156,37.119998931884766,37.11000061035156,37.11000061035156,721.0
2022-02-14 13:31:00-05:00,,,,,,
2022-02-14 13:32:00-05:00,,,,,,
2022-02-14 13:33:00-05:00,37.15999984741211,37.15999984741211,37.15999984741211,37.13999938964844,37.13999938964844,424.0
2022-02-14 13:34:00-05:00,,,,,,
2022-02-14 13:35:00-05:00,,,,,,
2022-02-14 13:36:00-05:00,,,,,,
2022-02-14 13:37:00-05:00,,,,,,
2022-02-14 13:38:00-05:00,,,,,,
2022-02-14 13:39:00-05:00,,,,,,
2022-02-14 13:40:00-05:00,37.165000915527344,37.165000915527344,37.165000915527344,37.165000915527344,37.165000915527344,272.0
2022-02-14 13:41:00-05:00,,,,,,
2022-02-14 13:42:00-05:00,37.154998779296875,37.154998779296875,37.154998779296875,37.154998779296875,37.154998779296875,675.0
2022-02-14 13:43:00-05:00,,,,,,
2022-02-14 13:44:00-05:00,,,,,,
2022-02-14 13:45:00-05:00,37.130001068115234,37.130001068115234,37.130001068115234,37.130001068115234,37.130001068115234,410.0
2022-02-14 13:46:00-05:00,,,,,,
2022-02-14 13:47:00-05:00,,,,,,
2022-02-14 13:48:00-05:00,37.130001068115234,37.130001068115234,37.130001068115234,37.130001068115234,37.130001068115234,178.0
2022-02-14 13:49:00-05:00,37.06999969482422,37.06999969482422,37.09000015258789,37.06999969482422,37.09000015258789,995.0
2022-02-14 13:50:00-05:00,,,,,,
2022-02-14 13:51:00-05:00,,,,,,
2022-02-14 13:52:00-05:00,36.95000076293945,36.95000076293945,36.9900016784668,36.95000076293945,36.9900016784668,509.0
2022-02-14 13:53:00-05:00,36.91999816894531,36.91999816894531,36.95000076293945,36.91999816894531,36.95000076293945,831.0
2022-02-14 13:54:00-05:00,,,,,,
2022-02-14 13:55:00-05:00,,,,,,
2022-02-14 13:56:00-05:00,,,,,,
2022-02-14 13:57:00-05:00,36.970001220703125,36.970001220703125,36.97999954223633,36.970001220703125,36.97999954223633,368.0
2022-02-14 13:58:00-05:00,37.005001068115234,37.005001068115234,37.005001068115234,36.970001220703125,36.9900016784668,1364.0
2022-02-14 13:59:00-05:00,36.97999954223633,36.97999954223633,37.005001068115234,36.95000076293945,37.005001068115234,1556.0
2022-02-14 14:00:00-05:00,36.970001220703125,36.970001220703125,36.970001220703125,36.93000030517578,36.95000076293945,1398.0
2022-02-14 14:01:00-05:00,36.939998626708984,36.939998626708984,36.959999084472656,36.939998626708984,36.939998626708984,1343.0
2022-02-14 14:02:00-05:00,,,,,,
2022-02-14 14:03:00-05:00,36.91999816894531,36.91999816894531,36.91999816894531,36.91999816894531,36.91999816894531,424.0
2022-02-14 14:04:00-05:00,,,,,,
2022-02-14 14:05:00-05:00,36.880001068115234,36.880001068115234,36.915000915527344,36.86000061035156,36.88999938964844,976.0
2022-02-14 14:06:00-05:00,,,,,,
2022-02-14 14:07:00-05:00,36.85169982910156,36.85169982910156,36.86000061035156,36.79999923706055,36.86000061035156,763.0
2022-02-14 14:08:00-05:00,36.845001220703125,36.845001220703125,36.845001220703125,36.845001220703125,36.845001220703125,230.0
2022-02-14 14:09:00-05:00,36.880001068115234,36.880001068115234,36.88999938964844,36.869998931884766,36.88999938964844,515.0
2022-02-14 14:10:00-05:00,36.86000061035156,36.86000061035156,36.86000061035156,36.86000061035156,36.86000061035156,112.0
2022-02-14 14:11:00-05:00,,,,,,
2022-02-14 14:12:00-05:00,36.90999984741211,36.90999984741211,36.90999984741211,36.90999984741211,36.90999984741211,219.0
2022-02-14 14:13:00-05:00,,,,,,
2022-02-14 14:14:00-05:00,36.900001525878906,36.900001525878906,36.90999984741211,36.880001068115234,36.900001525878906,1248.0
2022-02-14 14:15:00-05:00,36.84000015258789,36.84000015258789,36.88999938964844,36.84000015258789,36.88999938964844,837.0
2022-02-14 14:16:00-05:00,36.78499984741211,36.78499984741211,36.78499984741211,36.78499984741211,36.78499984741211,320.0
2022-02-14 14:17:00-05:00,,,,,,
2022-02-14 14:18:00-05:00,,,,,,
2022-02-14 14:19:00-05:00,36.75,36.75,36.75,36.75,36.75,115.0
2022-02-14 14:20:00-05:00,36.72999954223633,36.72999954223633,36.72999954223633,36.72999954223633,36.72999954223633,192.0
2022-02-14 14:21:00-05:00,36.72999954223633,36.72999954223633,36.75,36.72999954223633,36.75,679.0
2022-02-14 14:22:00-05:00,36.75,36.75,36.7599983215332,36.75,36.7599983215332,302.0
2022-02-14 14:23:00-05:00,36.72999954223633,36.72999954223633,36.77000045776367,36.72999954223633,36.7599983215332,600.0
2022-02-14 14:24:00-05:00,36.72639846801758,36.72639846801758,36.75,36.720001220703125,36.75,1006.0
2022-02-14 14:25:00-05:00,36.70000076293945,36.70000076293945,36.70000076293945,36.70000076293945,36.70000076293945,224.0
2022-02-14 14:26:00-05:00,,,,,,
2022-02-14 14:27:00-05:00,36.66999816894531,36.66999816894531,36.66999816894531,36.66999816894531,36.66999816894531,521.0
2022-02-14 14:28:00-05:00,36.849998474121094,36.849998474121094,36.849998474121094,36.75,36.75,842.0
2022-02-14 14:29:00-05:00,36.84000015258789,36.84000015258789,36.84000015258789,36.84000015258789,36.84000015258789,151.0
2022-02-14 14:30:00-05:00,36.849998474121094,36.849998474121094,36.849998474121094,36.84000015258789,36.84000015258789,317.0
2022-02-14 14:31:00-05:00,36.7599983215332,36.7599983215332,36.7599983215332,36.7599983215332,36.7599983215332,203.0
2022-02-14 14:32:00-05:00,36.79499816894531,36.79499816894531,36.79499816894531,36.79499816894531,36.79499816894531,346.0
2022-02-14 14:33:00-05:00,,,,,,
2022-02-14 14:34:00-05:00,,,,,,
2022-02-14 14:35:00-05:00,,,,,,
2022-02-14 14:36:00-05:00,,,,,,
2022-02-14 14:37:00-05:00,36.83000183105469,36.83000183105469,36.849998474121094,36.81999969482422,36.849998474121094,521.0
2022-02-14 14:38:00-05:00,36.83000183105469,36.83000183105469,36.86000061035156,36.81999969482422,36.849998474121094,1629.0
2022-02-14 14:39:00-05:00,36.83000183105469,36.83000183105469,36.85499954223633,36.83000183105469,36.85499954223633,376.0
2022-02-14 14:40:00-05:00,36.900001525878906,36.900001525878906,36.900001525878906,36.900001525878906,36.900001525878906,442.0
2022-02-14 14:41:00-05:00,36.880001068115234,36.880001068115234,36.89500045776367,36.880001068115234,36.880001068115234,634.0
2022-02-14 14:42:00-05:00,36.86000061035156,36.86000061035156,36.86000061035156,36.849998474121094,36.86000061035156,700.0
2022-02-14 14:43:00-05:00,36.880001068115234,36.880001068115234,36.880001068115234,36.84000015258789,36.84000015258789,987.0
2022-02-14 14:44:00-05:00,36.880001068115234,36.880001068115234,36.91999816894531,36.880001068115234,36.90999984741211,1649.0
2022-02-14 14:45:00-05:00,,,,,,
2022-02-14 14:46:00-05:00,36.88999938964844,36.88999938964844,36.90999984741211,36.880001068115234,36.90999984741211,823.0
2022-02-14 14:47:00-05:00,36.880001068115234,36.880001068115234,36.8849983215332,36.880001068115234,36.8849983215332,223.0
2022-02-14 14:48:00-05:00,,,,,,
2022-02-14 14:49:00-05:00,36.880001068115234,36.880001068115234,36.880001068115234,36.880001068115234,36.880001068115234,899.0
2022-02-14 14:50:00-05:00,,,,,,
2022-02-14 14:51:00-05:00,37.0,37.0,37.0,37.0,37.0,267.0
2022-02-14 14:52:00-05:00,,,,,,
2022-02-14 14:53:00-05:00,36.97999954223633,36.97999954223633,36.97999954223633,36.97999954223633,36.97999954223633,469.0
2022-02-14 14:54:00-05:00,,,,,,
2022-02-14 14:55:00-05:00,,,,,,
2022-02-14 14:56:00-05:00,36.959999084472656,36.959999084472656,36.959999084472656,36.959999084472656,36.959999084472656,459.0
2022-02-14 14:57:00-05:00,36.92499923706055,36.92499923706055,36.92499923706055,36.92499923706055,36.92499923706055,281.0
2022-02-14 14:58:00-05:00,36.9900016784668,36.9900016784668,36.9900016784668,36.9900016784668,36.9900016784668,150.0
2022-02-14 14:59:00-05:00,36.9900016784668,36.9900016784668,36.9900016784668,36.9900016784668,36.9900016784668,105.0
2022-02-14 15:00:00-05:00,36.970001220703125,36.970001220703125,36.98500061035156,36.970001220703125,36.98500061035156,1083.0
2022-02-14 15:01:00-05:00,,,,,,
2022-02-14 15:02:00-05:00,36.970001220703125,36.970001220703125,36.970001220703125,36.970001220703125,36.970001220703125,459.0
2022-02-14 15:03:00-05:00,36.93000030517578,36.93000030517578,36.93000030517578,36.93000030517578,36.93000030517578,418.0
2022-02-14 15:04:00-05:00,,,,,,
2022-02-14 15:05:00-05:00,36.900001525878906,36.900001525878906,36.90999984741211,36.880001068115234,36.90999984741211,2116.0
2022-02-14 15:06:00-05:00,36.90999984741211,36.90999984741211,36.90999984741211,36.880001068115234,36.900001525878906,1263.0
2022-02-14 15:07:00-05:00,36.904998779296875,36.904998779296875,36.904998779296875,36.904998779296875,36.904998779296875,338.0
2022-02-14 15:08:00-05:00,36.994998931884766,36.994998931884766,36.994998931884766,36.970001220703125,36.97999954223633,1554.0
2022-02-14 15:09:00-05:00,37.05500030517578,37.05500030517578,37.060001373291016,37.0099983215332,37.0099983215332,6356.0
2022-02-14 15:10:00-05:00,37.02000045776367,37.02000045776367,37.08000183105469,37.02000045776367,37.04999923706055,5167.0
2022-02-14 15:11:00-05:00,36.97999954223633,36.97999954223633,36.98500061035156,36.959999084472656,36.970001220703125,2584.0
2022-02-14 15:12:00-05:00,37.040000915527344,37.040000915527344,37.08000183105469,36.994998931884766,36.994998931884766,7181.0
2022-02-14 15:13:00-05:00,37.029998779296875,37.029998779296875,37.06999969482422,37.029998779296875,37.040000915527344,11711.0
2022-02-14 15:14:00-05:00,37.040000915527344,37.040000915527344,37.040000915527344,36.97999954223633,36.994998931884766,4083.0
2022-02-14 15:15:00-05:00,37.07500076293945,37.07500076293945,37.09000015258789,37.040000915527344,37.060001373291016,8719.0
2022-02-14 15:16:00-05:00,36.948001861572266,36.948001861572266,37.04999923706055,36.939998626708984,37.04999923706055,2821.0
2022-02-14 15:17:00-05:00,36.93000030517578,36.93000030517578,36.93000030517578,36.93000030517578,36.93000030517578,960.0
2022-02-14 15:18:00-05:00,,,,,,
2022-02-14 15:19:00-05:00,,,,,,
2022-02-14 15:20:00-05:00,36.95000076293945,36.95000076293945,36.95000076293945,36.90999984741211,36.93000030517578,821.0
2022-02-14 15:21:00-05:00,36.97999954223633,36.97999954223633,36.97999954223633,36.95000076293945,36.95000076293945,2197.0
2022-02-14 15:22:00-05:00,37.0,37.0,37.0,36.9900016784668,36.9900016784668,1048.0
2022-02-14 15:23:00-05:00,37.0099983215332,37.0099983215332,37.0099983215332,36.970001220703125,36.970001220703125,1208.0
2022-02-14 15:24:00-05:00,37.0,37.0,37.08000183105469,37.0,37.08000183105469,639.0
2022-02-14 15:25:00-05:00,36.9900016784668,36.9900016784668,36.9900016784668,36.970001220703125,36.97999954223633,356.0
2022-02-14 15:26:00-05:00,36.9900016784668,36.9900016784668,37.0,36.9900016784668,37.0,1021.0
2022-02-14 15:27:00-05:00,36.939998626708984,36.939998626708984,36.939998626708984,36.939998626708984,36.939998626708984,126.0
2022-02-14 15:28:00-05:00,36.970001220703125,36.970001220703125,36.970001220703125,36.970001220703125,36.970001220703125,372.0
2022-02-14 15:29:00-05:00,36.939998626708984,36.939998626708984,36.970001220703125,36.939998626708984,36.970001220703125,820.0
2022-02-14 15:30:00-05:00,36.97999954223633,36.97999954223633,36.9900016784668,36.90999984741211,36.91999816894531,1190.0
2022-02-14 15:31:00-05:00,36.9900016784668,36.9900016784668,36.9900016784668,36.9900016784668,36.9900016784668,242.0
2022-02-14 15:32:00-05:00,37.0099983215332,37.0099983215332,37.0099983215332,37.0099983215332,37.0099983215332,280.0
2022-02-14 15:33:00-05:00,36.9900016784668,36.9900016784668,36.9900016784668,36.9900016784668,36.9900016784668,371.0
2022-02-14 15:34:00-05:00,37.040000915527344,37.040000915527344,37.040000915527344,37.02000045776367,37.02000045776367,673.0
2022-02-14 15:35:00-05:00,37.03499984741211,37.03499984741211,37.03499984741211,37.020999908447266,37.029998779296875,992.0
2022-02-14 15:36:00-05:00,37.040000915527344,37.040000915527344,37.06999969482422,37.040000915527344,37.060001373291016,1259.0
2022-02-14 15:37:00-05:00,,,,,,
2022-02-14 15:38:00-05:00,37.06999969482422,37.06999969482422,37.06999969482422,37.060001373291016,37.060001373291016,486.0
2022-02-14 15:39:00-05:00,37.040000915527344,37.040000915527344,37.04999923706055,37.040000915527344,37.04999923706055,874.0
2022-02-14 15:40:00-05:00,37.04999923706055,37.04999923706055,37.04999923706055,37.040000915527344,37.040000915527344,251.0
2022-02-14 15:41:00-05:00,37.07500076293945,37.07500076293945,37.07500076293945,37.029998779296875,37.029998779296875,927.0
2022-02-14 15:42:00-05:00,37.060001373291016,37.060001373291016,37.060001373291016,37.040000915527344,37.040000915527344,203.0
2022-02-14 15:43:00-05:00,37.040000915527344,37.040000915527344,37.040000915527344,37.029998779296875,37.029998779296875,721.0
2022-02-14 15:44:00-05:00,37.099998474121094,37.099998474121094,37.099998474121094,37.06999969482422,37.06999969482422,983.0
2022-02-14 15:45:00-05:00,37.0099983215332,37.0099983215332,37.130001068115234,37.0099983215332,37.130001068115234,1204.0
2022-02-14 15:46:00-05:00,37.04999923706055,37.04999923706055,37.04999923706055,36.970001220703125,36.970001220703125,1567.0
2022-02-14 15:47:00-05:00,37.119998931884766,37.119998931884766,37.119998931884766,37.08000183105469,37.08000183105469,582.0
2022-02-14 15:48:00-05:00,37.15999984741211,37.15999984741211,37.18000030517578,37.13999938964844,37.16999816894531,813.0
2022-02-14 15:49:00-05:00,37.13999938964844,37.13999938964844,37.16999816894531,37.130001068115234,37.14099884033203,2223.0
2022-02-14 15:50:00-05:00,36.970001220703125,36.970001220703125,37.130001068115234,36.970001220703125,37.130001068115234,4911.0
2022-02-14 15:51:00-05:00,37.02000045776367,37.02000045776367,37.029998779296875,37.0,37.0,1289.0
2022-02-14 15:52:00-05:00,37.0099983215332,37.0099983215332,37.029998779296875,37.0099983215332,37.0099983215332,2860.0
2022-02-14 15:53:00-05:00,36.970001220703125,36.970001220703125,37.02000045776367,36.970001220703125,36.97999954223633,1860.0
2022-02-14 15:54:00-05:00,37.06999969482422,37.06999969482422,37.08000183105469,36.9900016784668,36.9900016784668,2608.0
2022-02-14 15:55:00-05:00,37.08000183105469,37.08000183105469,37.099998474121094,37.029998779296875,37.029998779296875,3216.0
2022-02-14 15:56:00-05:00,37.060001373291016,37.060001373291016,37.08000183105469,37.02000045776367,37.040000915527344,3417.0
2022-02-14 15:57:00-05:00,37.099998474121094,37.099998474121094,37.099998474121094,37.060001373291016,37.060001373291016,1121.0
2022-02-14 15:58:00-05:00,37.06999969482422,37.06999969482422,37.06999969482422,37.040000915527344,37.060001373291016,1714.0
2022-02-14 15:59:00-05:00,37.0099983215332,37.0099983215332,37.09000015258789,36.959999084472656,37.09000015258789,7279.0
2022-02-15 09:30:00-05:00,,,,,,
2022-02-15 09:58:00-05:00,,,,,,
2022-02-15 10:00:00-05:00,,,,,,
2022-02-15 10:01:00-05:00,,,,,,
2022-02-15 10:11:00-05:00,,,,,,
2022-02-15 10:18:00-05:00,,,,,,
2022-02-15 10:21:00-05:00,,,,,,
2022-02-15 10:24:00-05:00,,,,,,
2022-02-15 10:37:00-05:00,,,,,,
2022-02-15 10:44:00-05:00,,,,,,
2022-02-15 10:52:00-05:00,,,,,,
2022-02-15 10:57:00-05:00,,,,,,
2022-02-15 11:02:00-05:00,,,,,,
2022-02-15 11:12:00-05:00,,,,,,
2022-02-15 11:20:00-05:00,,,,,,
2022-02-15 11:21:00-05:00,,,,,,
2022-02-15 11:25:00-05:00,,,,,,
2022-02-15 11:33:00-05:00,,,,,,
2022-02-15 11:36:00-05:00,,,,,,
2022-02-15 11:38:00-05:00,,,,,,
2022-02-15 11:43:00-05:00,,,,,,
2022-02-15 11:46:00-05:00,,,,,,
2022-02-15 11:55:00-05:00,,,,,,
2022-02-15 11:59:00-05:00,,,,,,
2022-02-15 12:01:00-05:00,,,,,,
2022-02-15 12:02:00-05:00,,,,,,
2022-02-15 12:04:00-05:00,,,,,,
2022-02-15 12:24:00-05:00,,,,,,
2022-02-15 12:43:00-05:00,,,,,,
2022-02-15 13:02:00-05:00,,,,,,
2022-02-15 13:05:00-05:00,,,,,,
2022-02-15 13:06:00-05:00,,,,,,
2022-02-15 13:32:00-05:00,,,,,,
2022-02-15 13:38:00-05:00,,,,,,
2022-02-15 13:41:00-05:00,,,,,,
2022-02-15 13:44:00-05:00,,,,,,
2022-02-15 13:46:00-05:00,,,,,,
2022-02-15 13:47:00-05:00,,,,,,
2022-02-15 13:53:00-05:00,,,,,,
2022-02-15 13:54:00-05:00,,,,,,
2022-02-15 13:55:00-05:00,,,,,,
2022-02-15 14:01:00-05:00,,,,,,
2022-02-15 14:03:00-05:00,,,,,,
2022-02-15 14:05:00-05:00,,,,,,
2022-02-15 14:06:00-05:00,,,,,,
2022-02-15 14:12:00-05:00,,,,,,
2022-02-15 14:15:00-05:00,,,,,,
2022-02-15 14:18:00-05:00,,,,,,
2022-02-15 14:20:00-05:00,,,,,,
2022-02-15 14:23:00-05:00,,,,,,
2022-02-15 14:28:00-05:00,,,,,,
2022-02-15 14:29:00-05:00,,,,,,
2022-02-15 14:32:00-05:00,,,,,,
2022-02-15 14:33:00-05:00,,,,,,
2022-02-15 14:39:00-05:00,,,,,,
2022-02-15 14:44:00-05:00,,,,,,
2022-02-15 14:46:00-05:00,,,,,,
2022-02-15 14:47:00-05:00,,,,,,
2022-02-15 14:50:00-05:00,,,,,,
2022-02-15 14:51:00-05:00,,,,,,
2022-02-15 14:52:00-05:00,,,,,,
2022-02-15 14:54:00-05:00,,,,,,
2022-02-15 14:55:00-05:00,,,,,,
2022-02-15 14:59:00-05:00,,,,,,
2022-02-15 15:01:00-05:00,,,,,,
2022-02-15 15:03:00-05:00,,,,,,
2022-02-15 15:05:00-05:00,,,,,,
2022-02-15 15:06:00-05:00,,,,,,
2022-02-15 15:08:00-05:00,,,,,,
2022-02-15 15:09:00-05:00,,,,,,
2022-02-15 15:13:00-05:00,,,,,,
2022-02-15 15:14:00-05:00,,,,,,
2022-02-15 15:17:00-05:00,,,,,,
2022-02-15 15:18:00-05:00,,,,,,
2022-02-15 15:19:00-05:00,,,,,,
2022-02-15 15:20:00-05:00,,,,,,
2022-02-15 15:27:00-05:00,,,,,,
2022-02-15 15:28:00-05:00,,,,,,
2022-02-15 15:30:00-05:00,,,,,,
2022-02-15 15:31:00-05:00,,,,,,
2022-02-15 15:32:00-05:00,,,,,,
2022-02-15 15:33:00-05:00,,,,,,
2022-02-15 15:38:00-05:00,,,,,,
2022-02-15 15:39:00-05:00,,,,,,
2022-02-15 15:40:00-05:00,,,,,,
2022-02-15 15:41:00-05:00,,,,,,
2022-02-15 15:42:00-05:00,,,,,,
2022-02-15 15:43:00-05:00,,,,,,
2022-02-15 15:44:00-05:00,,,,,,
2022-02-15 15:45:00-05:00,,,,,,
2022-02-15 15:46:00-05:00,,,,,,
2022-02-15 15:47:00-05:00,,,,,,
2022-02-15 15:48:00-05:00,,,,,,
2022-02-15 15:49:00-05:00,,,,,,
2022-02-15 15:50:00-05:00,,,,,,
2022-02-15 15:51:00-05:00,,,,,,
2022-02-15 15:52:00-05:00,,,,,,
2022-02-15 15:53:00-05:00,,,,,,
2022-02-15 15:54:00-05:00,,,,,,
2022-02-15 15:55:00-05:00,,,,,,
2022-02-15 15:56:00-05:00,,,,,,
2022-02-15 15:57:00-05:00,,,,,,
2022-02-15 15:58:00-05:00,,,,,,
2022-02-15 15:59:00-05:00,,,,,,
